event_state,event_city,event_street,event_full_address
NJ,Bordentown,2401 Axe Factory Rd,"2401 Axe Factory Rd Bordentown, NJ"
NJ,Titusville,355 Washington Crossing Pennington Rd.,"355 Washington Crossing Pennington Rd. Titusville, NJ"
NJ,Titusville,180 Pleasant Valley Rd ,"180 Pleasant Valley Rd  Titusville, NJ"
NJ,Chesterfield ,410 Ellisdale Road,"410 Ellisdale Road Chesterfield , NJ"
NJ,Lawrence Township,4 Princess Rd,"4 Princess Rd Lawrence Township, NJ"
NJ,Lawrence Township,4 Princess Rd,"4 Princess Rd Lawrence Township, NJ"
PA,Newtown,25 N. Chancellor St. ,"25 N. Chancellor St.  Newtown, PA"
NJ,Skillman,"88 Orchard Road, Princeton Area","88 Orchard Road, Princeton Area Skillman, NJ"
NJ,Skillman,"88 Orchard Road, Princeton Area","88 Orchard Road, Princeton Area Skillman, NJ"
NJ,Robbinsville Twp,N Commerce Square,"N Commerce Square Robbinsville Twp, NJ"
PA,Langhorne,301 E. Maple Ave,"301 E. Maple Ave Langhorne, PA"
NJ,Hamilton,"731 Highway 33, Suite 3","731 Highway 33, Suite 3 Hamilton, NJ"
PA,Levittown ,4354 New Falls Road,"4354 New Falls Road Levittown , PA"
NJ,Bordentown,18 E. Union Street ,"18 E. Union Street  Bordentown, NJ"
PA,Newtown,126 N. State St.,"126 N. State St. Newtown, PA"
NJ,Hamilton Township,80 Sculptors Way,"80 Sculptors Way Hamilton Township, NJ"
NJ,Princeton,500 Mercer St ,"500 Mercer St  Princeton, NJ"
PA,Fairless Hills,980 Trenton Rd,"980 Trenton Rd Fairless Hills, PA"
PA,Yardley,82 East Afton Avenue,"82 East Afton Avenue Yardley, PA"
NJ,Trenton,"354 S Broad St,","354 S Broad St, Trenton, NJ"
PA,Langhorne,1262 Wood Lane  Ste 106/107,"1262 Wood Lane  Ste 106/107 Langhorne, PA"
PA,Yardley,82 E Afton Ave,"82 E Afton Ave Yardley, PA"
NJ,Hoboken,901 Park Ave,"901 Park Ave Hoboken, NJ"
NJ,Hoboken,901 Park Ave,"901 Park Ave Hoboken, NJ"
NE,Jersey City,1 Audrey Zapp Dr,"1 Audrey Zapp Dr Jersey City, NE"
NJ,Hoboken ,1423 Clinton Street ,"1423 Clinton Street  Hoboken , NJ"
NJ,Newark,14 Rector Street,"14 Rector Street Newark, NJ"
NJ,West Orange,Crest Dr,"Crest Dr West Orange, NJ"
NJ,Hoboken,Frank Sinatra Dr,"Frank Sinatra Dr Hoboken, NJ"
NY,New York,  569 Hudson St,"  569 Hudson St New York, NY"
NY,New York,Your Guide will meet you when you get out from the train at Poughkeepsie,"Your Guide will meet you when you get out from the train at Poughkeepsie New York, NY"
NY,New York,"416 8th ave, Corner of 31st","416 8th ave, Corner of 31st New York, NY"
NJ,West Orange,253 Main St,"253 Main St West Orange, NJ"
NJ,West Orange,253 Main St,"253 Main St West Orange, NJ"
NJ,Jersey City,252 9th St,"252 9th St Jersey City, NJ"
NY,New York,Online,"Online New York, NY"
NY,New York,10 South William St,"10 South William St New York, NY"
NY,New York,51 W 14th St #3r,"51 W 14th St #3r New York, NY"
NY,New York,See Description Box for,"See Description Box for New York, NY"
NY,Brooklyn,345 Adams St.,"345 Adams St. Brooklyn, NY"
NY,New York,26 1st Avenue,"26 1st Avenue New York, NY"
NY,New York,Cyberspace,"Cyberspace New York, NY"
NY,Brooklyn,320 West 37th Street,"320 West 37th Street Brooklyn, NY"
NY,New York,New York,"New York New York, NY"
NY,New York,32nd Street and 7th Avenue,"32nd Street and 7th Avenue New York, NY"
NY,New York,1095 Sixth Ave ,"1095 Sixth Ave  New York, NY"
NY,New York,10 West 33rd Street,"10 West 33rd Street New York, NY"
NY,New York,627 9th Ave,"627 9th Ave New York, NY"
NY,New York,627 9th Avenue,"627 9th Avenue New York, NY"
NY,New York,230 Vesey St,"230 Vesey St New York, NY"
NY,New York,321 W 44th St #103,"321 W 44th St #103 New York, NY"
NJ,Maplewood,600 Ridgewood Rd,"600 Ridgewood Rd Maplewood, NJ"
NY,New York,Virtual Online Meeting,"Virtual Online Meeting New York, NY"
NY,Manhattan,425 Avenue of the Americas (Sixth Avenue and 10th Street,"425 Avenue of the Americas (Sixth Avenue and 10th Street Manhattan, NY"
NY,New York,433 E 6th St,"433 E 6th St New York, NY"
NJ,Union,1023 Stuyvesant Ave,"1023 Stuyvesant Ave Union, NJ"
NY,Brooklyn,695 5th Ave,"695 5th Ave Brooklyn, NY"
NJ,Jersey City,252 9th St,"252 9th St Jersey City, NJ"
NJ,West Orange,253 Main St,"253 Main St West Orange, NJ"
NJ,West Orange,253 Main St,"253 Main St West Orange, NJ"
NY,New York,10 Columbus Cir,"10 Columbus Cir New York, NY"
NY,New York,675 3rd Ave,"675 3rd Ave New York, NY"
NY,New York,Online,"Online New York, NY"
NJ,Teaneck,687 Larch Ave,"687 Larch Ave Teaneck, NJ"
NY,New York,10 South William St,"10 South William St New York, NY"
NY,New York,800 Poly Place,"800 Poly Place New York, NY"
NY,New York,11 W 53rd St,"11 W 53rd St New York, NY"
NY,New York,51 W 14th St #3r,"51 W 14th St #3r New York, NY"
NY,New York ,2149 Frederick Douglass Blvd,"2149 Frederick Douglass Blvd New York , NY"
NY,New York,Virtual Online Meeting,"Virtual Online Meeting New York, NY"
NY,Manhattan,425 Avenue of the Americas (Sixth Avenue and 10th Street,"425 Avenue of the Americas (Sixth Avenue and 10th Street Manhattan, NY"
NY,New York,939 Lexington Avenue (between E. 68th & E. 69th Streets),"939 Lexington Avenue (between E. 68th & E. 69th Streets) New York, NY"
NY,New York,433 E 6th St,"433 E 6th St New York, NY"
NY,Brooklyn,247 Varet Street,"247 Varet Street Brooklyn, NY"
NY,Brooklyn,333 Court Street,"333 Court Street Brooklyn, NY"
NY,New York,115 W 45th St,"115 W 45th St New York, NY"
NJ,North Bergen,3167 John F. Kennedy Blvd,"3167 John F. Kennedy Blvd North Bergen, NJ"
NY,Manhattan,Manhattan,"Manhattan Manhattan, NY"
NY,TBA,TBA,"TBA TBA, NY"
NY,New York,Amsterdam Ave. between 110 - 111th Streets,"Amsterdam Ave. between 110 - 111th Streets New York, NY"
NY,New York,11 East 33rd Street,"11 East 33rd Street New York, NY"
NY,New York,"1551 3rd Avenue, New York, NY 10128","1551 3rd Avenue, New York, NY 10128 New York, NY"
NY,Brooklyn,Email or text,"Email or text Brooklyn, NY"
NJ,Lyndhurst,455 Valley Brook Ave,"455 Valley Brook Ave Lyndhurst, NJ"
NY,Brooklyn,Address to be given via text,"Address to be given via text Brooklyn, NY"
NY,New York,1234,"1234 New York, NY"
NY,Brooklyn ,591 Central Ave Unit 1,"591 Central Ave Unit 1 Brooklyn , NY"
NY,Brooklyn ,591 Central Ave Unit 1,"591 Central Ave Unit 1 Brooklyn , NY"
NY,New York,119 Chambers St,"119 Chambers St New York, NY"
NJ,Fairview,394 Walker St,"394 Walker St Fairview, NJ"
NY,New York,1678 3rd Ave,"1678 3rd Ave New York, NY"
NY,Brooklyn,Prospect Park,"Prospect Park Brooklyn, NY"
NY,Queens,10-93 Jackson Ave,"10-93 Jackson Ave Queens, NY"
NY,New York,765 Washington St,"765 Washington St New York, NY"
NE,New York,"177 Prince St, New York, NY 10012","177 Prince St, New York, NY 10012 New York, NE"
NJ,Jersey City,29 McWilliams Pl.,"29 McWilliams Pl. Jersey City, NJ"
NE,Brooklyn,"Old Stone House, 336 3rd St, Brooklyn, NY 11215","Old Stone House, 336 3rd St, Brooklyn, NY 11215 Brooklyn, NE"
NY,New York ,1085 5th Avenue ,"1085 5th Avenue  New York , NY"
NY,New York,270 Greenwich Street Cafe Level,"270 Greenwich Street Cafe Level New York, NY"
NY,Brooklyn,273 13th Street,"273 13th Street Brooklyn, NY"
NY,New York,1678 3rd Ave,"1678 3rd Ave New York, NY"
NY,10012,Sullivan St & Washington Square S,"Sullivan St & Washington Square S 10012, NY"
NY,New York,Central Park,"Central Park New York, NY"
NJ,Lodi,460 Passaic Avenue,"460 Passaic Avenue Lodi, NJ"
NJ,Lodi,460 Passaic Avenue,"460 Passaic Avenue Lodi, NJ"
NJ,West Orange,Crest Dr,"Crest Dr West Orange, NJ"
NJ,Paramus,400 Paramus Rd,"400 Paramus Rd Paramus, NJ"
NJ,Teaneck,687 Larch Ave,"687 Larch Ave Teaneck, NJ"
NJ,Columbia,89 Mount Pleasant Road,"89 Mount Pleasant Road Columbia, NJ"
NJ,Caldwell,326 Bloomfield Ave,"326 Bloomfield Ave Caldwell, NJ"
NJ,Ridgewood,475 Grove Street,"475 Grove Street Ridgewood, NJ"
NJ,Fairfield,118 US-46,"118 US-46 Fairfield, NJ"
NJ,Paramus,770 Rt. 17 North,"770 Rt. 17 North Paramus, NJ"
NJ,Clifton,940 Van Houten Ave,"940 Van Houten Ave Clifton, NJ"
NJ,Garfield,619 Midland Ave,"619 Midland Ave Garfield, NJ"
NJ,Teaneck,687 Larch Ave,"687 Larch Ave Teaneck, NJ"
NJ,Fairfield,333A Route 46 West Suite 255,"333A Route 46 West Suite 255 Fairfield, NJ"
NJ,Fairfield,55 Lane Rd,"55 Lane Rd Fairfield, NJ"
NJ,Hackensack,515 Essex St,"515 Essex St Hackensack, NJ"
NJ,Fair Lawn,25 Promenade Blvd,"25 Promenade Blvd Fair Lawn, NJ"
NJ,Maywood,92 West Pleasant Avenue,"92 West Pleasant Avenue Maywood, NJ"
NJ,Hasbrouck Heights,650 Terrace Ave,"650 Terrace Ave Hasbrouck Heights, NJ"
NJ,West Orange,253 Main St,"253 Main St West Orange, NJ"
NJ,Jersey City,252 9th St,"252 9th St Jersey City, NJ"
NJ,West Orange,253 Main St,"253 Main St West Orange, NJ"
NY,Brooklyn,695 5th Ave,"695 5th Ave Brooklyn, NY"
NY,Staten Island,1600 Hylan Boulevard,"1600 Hylan Boulevard Staten Island, NY"
NJ,Maplewood,600 Ridgewood Rd,"600 Ridgewood Rd Maplewood, NJ"
NY,New York,Virtual Online Meeting,"Virtual Online Meeting New York, NY"
NJ,Jersey City,"189 Brunswick St, 3rd Floor","189 Brunswick St, 3rd Floor Jersey City, NJ"
NJ,Union,1023 Stuyvesant Ave,"1023 Stuyvesant Ave Union, NJ"
NY,New York,Internet,"Internet New York, NY"
NJ,Rahway,275 E Grand Ave,"275 E Grand Ave Rahway, NJ"
NY,New York,Hudson River Greenway,"Hudson River Greenway New York, NY"
NJ,Hoboken,1012 Grand St,"1012 Grand St Hoboken, NJ"
NY,New York,38 Park Row #4,"38 Park Row #4 New York, NY"
NJ,Pittsgrove,701 Almond Rd,"701 Almond Rd Pittsgrove, NJ"
NJ,Millville,220 Buck St,"220 Buck St Millville, NJ"
NJ,Milmay,225 Broad St,"225 Broad St Milmay, NJ"
NJ,West Orange,253 Main St,"253 Main St West Orange, NJ"
NJ,West Orange,253 Main St,"253 Main St West Orange, NJ"
NJ,Ridgewood,14 Hope Street,"14 Hope Street Ridgewood, NJ"
NJ,Montclair,127 Valley Road,"127 Valley Road Montclair, NJ"
NJ,Lyndhurst,"420 Valley Brook Avenue, Lyndhurst 07071","420 Valley Brook Avenue, Lyndhurst 07071 Lyndhurst, NJ"
NJ,Teaneck,687 Larch Ave,"687 Larch Ave Teaneck, NJ"
NJ,Paramus,400 Paramus Rd,"400 Paramus Rd Paramus, NJ"
NJ,Caldwell,326 Bloomfield Ave,"326 Bloomfield Ave Caldwell, NJ"
NJ,Ridgewood,475 Grove Street,"475 Grove Street Ridgewood, NJ"
NJ,Fairfield,118 US-46,"118 US-46 Fairfield, NJ"
NJ,Teaneck,687 Larch Ave,"687 Larch Ave Teaneck, NJ"
NJ,Garfield,619 Midland Ave,"619 Midland Ave Garfield, NJ"
NJ,Fairfield,333A Route 46 West Suite 255,"333A Route 46 West Suite 255 Fairfield, NJ"
NJ,UNION CITY,507 43RD TS. 7th floor,"507 43RD TS. 7th floor UNION CITY, NJ"
NJ,Lyndhurst,289 Stuyvesant Ave 2nd floor,"289 Stuyvesant Ave 2nd floor Lyndhurst, NJ"
NJ,Nutley,7 High St,"7 High St Nutley, NJ"
NJ,Nutley,7 High St,"7 High St Nutley, NJ"
NJ,Paramus,54 S Farview Ave,"54 S Farview Ave Paramus, NJ"
NJ,Hackensack,41 NJ-4,"41 NJ-4 Hackensack, NJ"
NJ,Montclair,700 Bloomfield Ave,"700 Bloomfield Ave Montclair, NJ"
NJ,Paramus,300 Bergen Town Center,"300 Bergen Town Center Paramus, NJ"
NJ,Hackensack,515 Essex St,"515 Essex St Hackensack, NJ"
NJ,Fairfield,55 Lane Rd,"55 Lane Rd Fairfield, NJ"
NJ,Maywood,92 West Pleasant Avenue,"92 West Pleasant Avenue Maywood, NJ"
NJ,Fair Lawn,25 Promenade Blvd,"25 Promenade Blvd Fair Lawn, NJ"
NJ,Hasbrouck Heights,650 Terrace Ave,"650 Terrace Ave Hasbrouck Heights, NJ"
PA,Philadelphia ,1216 Chestnut,"1216 Chestnut Philadelphia , PA"
NJ,Palmyra, Route 73 North," Route 73 North Palmyra, NJ"
NJ,Cherry Hill,1603 Kresson Rd,"1603 Kresson Rd Cherry Hill, NJ"
PA,Philadelphia,300 W Mt Pleasant Ave,"300 W Mt Pleasant Ave Philadelphia, PA"
PA,Philadelphia,Valley Green Rd,"Valley Green Rd Philadelphia, PA"
PA,Philadelphia,8400 Seminole St,"8400 Seminole St Philadelphia, PA"
PA,Philadelphia,Henry Ave and Livezey Lane ,"Henry Ave and Livezey Lane  Philadelphia, PA"
PA,Philadelphia,zoom online,"zoom online Philadelphia, PA"
PA,Philadelphia,1701 John F Kennedy Boulevard,"1701 John F Kennedy Boulevard Philadelphia, PA"
NJ,Cherry Hill,2100 Rte 70 W,"2100 Rte 70 W Cherry Hill, NJ"
NJ,Merchantville,36 W Maple Ave,"36 W Maple Ave Merchantville, NJ"
PA,Philadelphia,N Christopher Columbus Blvd,"N Christopher Columbus Blvd Philadelphia, PA"
PA,Philadelphia,2946 Island Ave,"2946 Island Ave Philadelphia, PA"
PA,Philadelphia,1102 Pine St,"1102 Pine St Philadelphia, PA"
NJ,"Moorestown, NJ  08057",16 East Main St,"16 East Main St Moorestown, NJ  08057, NJ"
NJ,Runnemede,Dettmar Terrace,"Dettmar Terrace Runnemede, NJ"
PA,Philadelphia,S St Bridge,"S St Bridge Philadelphia, PA"
NJ,Pennsauken ,3376 Browning Rd,"3376 Browning Rd Pennsauken , NJ"
PA,Philadelphia,4842 Ridge Ave,"4842 Ridge Ave Philadelphia, PA"
NJ,Cherry Hill,1820 Old Cuthbert Road,"1820 Old Cuthbert Road Cherry Hill, NJ"
PA,Philadelphia,4842 Ridge Ave,"4842 Ridge Ave Philadelphia, PA"
NJ,Voorhees,255 Echelon Road,"255 Echelon Road Voorhees, NJ"
PA,Narberth,1660 Oakwood Dr,"1660 Oakwood Dr Narberth, PA"
PA,Philadelphia,1025 Arch St,"1025 Arch St Philadelphia, PA"
PA,Philadelphia,6501 Castor Ave,"6501 Castor Ave Philadelphia, PA"
NJ,Camden,422 Market Street,"422 Market Street Camden, NJ"
PA,Philadelphia,1606 Walnut Street,"1606 Walnut Street Philadelphia, PA"
PA,Bala Cynwyd,281 Montgomery Ave.,"281 Montgomery Ave. Bala Cynwyd, PA"
PA,Philadelphia,254 S 12th St,"254 S 12th St Philadelphia, PA"
NJ,Merchantville,10 W. Maple Ave,"10 W. Maple Ave Merchantville, NJ"
PA,Philadelphia,4426 Locust St,"4426 Locust St Philadelphia, PA"
NJ,Cherry Hill,1100 Kings Highway North,"1100 Kings Highway North Cherry Hill, NJ"
NJ,Bellmawr,363 W Browning Rd,"363 W Browning Rd Bellmawr, NJ"
PE,Philadelphia,3899 Henry Ave,"3899 Henry Ave Philadelphia, PE"
PA,Philadelphia ,705 S 5th St,"705 S 5th St Philadelphia , PA"
NJ,Collingswood,Collings Avenue,"Collings Avenue Collingswood, NJ"
NJ,Pennsauken Township,1585 NJ-73,"1585 NJ-73 Pennsauken Township, NJ"
PA,Philadelphia,1025 Arch Street,"1025 Arch Street Philadelphia, PA"
NJ,West Orange,253 Main St,"253 Main St West Orange, NJ"
NJ,West Orange,253 Main St,"253 Main St West Orange, NJ"
NJ,Ridgewood,14 Hope Street,"14 Hope Street Ridgewood, NJ"
NJ,Montclair,127 Valley Road,"127 Valley Road Montclair, NJ"
NJ,Lyndhurst,"420 Valley Brook Avenue, Lyndhurst 07071","420 Valley Brook Avenue, Lyndhurst 07071 Lyndhurst, NJ"
NY,New York,120 West 69th Street ,"120 West 69th Street  New York, NY"
NY,New York,672 9th Ave,"672 9th Ave New York, NY"
NJ,Columbia,89 Mount Pleasant Road,"89 Mount Pleasant Road Columbia, NJ"
NJ,Secaucus,151 Front St,"151 Front St Secaucus, NJ"
NY,New York,105th and Broadway ,"105th and Broadway  New York, NY"
NY,New York,626 10th Ave,"626 10th Ave New York, NY"
NY,New York,Morningside Dr,"Morningside Dr New York, NY"
NJ,Caldwell,326 Bloomfield Ave,"326 Bloomfield Ave Caldwell, NJ"
NJ,Ridgewood,475 Grove Street,"475 Grove Street Ridgewood, NJ"
NY,New York,484 W 43rd St,"484 W 43rd St New York, NY"
NJ,Fairfield,118 US-46,"118 US-46 Fairfield, NJ"
NY,New York,2 West 64th Street (At Central Park West),"2 West 64th Street (At Central Park West) New York, NY"
NY,New York,627 9th Ave,"627 9th Ave New York, NY"
NY,New York,627 9th Avenue,"627 9th Avenue New York, NY"
NY,New York ,2149 Frederick Douglass Blvd,"2149 Frederick Douglass Blvd New York , NY"
NJ,Fairview,394 Walker St,"394 Walker St Fairview, NJ"
NJ,Jersey City,252 9th St,"252 9th St Jersey City, NJ"
NY,Brooklyn,695 5th Ave,"695 5th Ave Brooklyn, NY"
NY,New York,626 10th Ave,"626 10th Ave New York, NY"
NY,New York,105th and Broadway ,"105th and Broadway  New York, NY"
NY,Brooklyn,620 Manhattan Ave,"620 Manhattan Ave Brooklyn, NY"
NJ,Secaucus,151 Front St,"151 Front St Secaucus, NJ"
NJ,Columbia,89 Mount Pleasant Road,"89 Mount Pleasant Road Columbia, NJ"
NY,New York,116 E 7th Street,"116 E 7th Street New York, NY"
NY,Brooklyn,75A 5th Ave,"75A 5th Ave Brooklyn, NY"
NY,New York,See Description Box for,"See Description Box for New York, NY"
NY,Astoria,3801 35th Ave,"3801 35th Ave Astoria, NY"
NY,Brooklyn,345 Adams St.,"345 Adams St. Brooklyn, NY"
NY,New York,61 W 62nd St,"61 W 62nd St New York, NY"
NY,New York ,2149 Frederick Douglass Blvd,"2149 Frederick Douglass Blvd New York , NY"
NY,New York,Virtual Online Meeting,"Virtual Online Meeting New York, NY"
NY,Manhattan,425 Avenue of the Americas (Sixth Avenue and 10th Street,"425 Avenue of the Americas (Sixth Avenue and 10th Street Manhattan, NY"
NY,New York,939 Lexington Avenue (between E. 68th & E. 69th Streets),"939 Lexington Avenue (between E. 68th & E. 69th Streets) New York, NY"
NY,New York,433 E 6th St,"433 E 6th St New York, NY"
NY,New York,247 West 36th Street 6th Floor,"247 West 36th Street 6th Floor New York, NY"
NY,New York,108 E 15th St,"108 E 15th St New York, NY"
NJ,UNION CITY,507 43RD TS. 7th floor,"507 43RD TS. 7th floor UNION CITY, NJ"
NY,New York,76 W 3rd St,"76 W 3rd St New York, NY"
NY,New York,"55 East 52nd Street, New York, NY","55 East 52nd Street, New York, NY New York, NY"
NY,New York,"56 West 45th Street, Suite 1703","56 West 45th Street, Suite 1703 New York, NY"
NY,New York,79 Franklin St,"79 Franklin St New York, NY"
NY,New York,151 West 30th Street  3rd Floor (6-7th Aves) ,"151 West 30th Street  3rd Floor (6-7th Aves)  New York, NY"
NY,New York,2 West 64th Street (At Central Park West),"2 West 64th Street (At Central Park West) New York, NY"
NY,New York,599 Broadway,"599 Broadway New York, NY"
NJ,Teaneck,687 Larch Ave,"687 Larch Ave Teaneck, NJ"
NY,New York,191 Canal St,"191 Canal St New York, NY"
NY,New York,803 181st St @ Fort Washington Avenue,"803 181st St @ Fort Washington Avenue New York, NY"
NY,Brooklyn,305 Schermerhorn St,"305 Schermerhorn St Brooklyn, NY"
NY,New York,213 West 58th Street,"213 West 58th Street New York, NY"
NY,New York,1601 Broadway,"1601 Broadway New York, NY"
NJ,Lyndhurst,289 Stuyvesant Ave 2nd floor,"289 Stuyvesant Ave 2nd floor Lyndhurst, NJ"
NY,New York,25 W 31st street,"25 W 31st street New York, NY"
NJ,Nutley,7 High St,"7 High St Nutley, NJ"
NY,New York ,1601 Broadway 11th floor ,"1601 Broadway 11th floor  New York , NY"
NY,New York,265 W 37th St,"265 W 37th St New York, NY"
NY,New York,"920 3rd ave, 5th Floor","920 3rd ave, 5th Floor New York, NY"
NJ,Nutley,7 High St,"7 High St Nutley, NJ"
NY,New York,500 8th ave 3rd fl,"500 8th ave 3rd fl New York, NY"
NY,Queens,10-93 Jackson Ave,"10-93 Jackson Ave Queens, NY"
NY,Brooklyn,1368 Fulton St,"1368 Fulton St Brooklyn, NY"
NJ,Jersey City,"189 Brunswick St, 3rd Floor","189 Brunswick St, 3rd Floor Jersey City, NJ"
NJ,Hackensack,41 NJ-4,"41 NJ-4 Hackensack, NJ"
NY,New York,1678 3rd Ave,"1678 3rd Ave New York, NY"
NY,10012,Sullivan St & Washington Square S,"Sullivan St & Washington Square S 10012, NY"
NY,New York,Central Park,"Central Park New York, NY"
NJ,Jersey City,870 Montgomery St,"870 Montgomery St Jersey City, NJ"
NE,Staten Island,New Dorp Lane,"New Dorp Lane Staten Island, NE"
NJ,Jersey City,1 Audrey Zapp Dr,"1 Audrey Zapp Dr Jersey City, NJ"
NJ,Jersey City,426 Jersey Ave,"426 Jersey Ave Jersey City, NJ"
NY,Staten Island,1150 Clove Rd,"1150 Clove Rd Staten Island, NY"
NY,Brooklyn,14b 53rd St 3rd floor,"14b 53rd St 3rd floor Brooklyn, NY"
NY,Brooklyn,14b 53rd St 3rd floor,"14b 53rd St 3rd floor Brooklyn, NY"
NY,Brooklyn,14b 53rd St 3rd floor,"14b 53rd St 3rd floor Brooklyn, NY"
NY,Brooklyn,1616 Caton Ave Coney Island Ave between Caton & Parkside Avenues,"1616 Caton Ave Coney Island Ave between Caton & Parkside Avenues Brooklyn, NY"
NY,Brooklyn,1990 Shore Pkwy,"1990 Shore Pkwy Brooklyn, NY"
NY,Staten Island,215 Schmidts Ln.,"215 Schmidts Ln. Staten Island, NY"
NY,New York,250 Front St,"250 Front St New York, NY"
NY,Brooklyn,14b 53rd St 3rd floor,"14b 53rd St 3rd floor Brooklyn, NY"
NY,New York,Washington Square,"Washington Square New York, NY"
NY,10009,E 6 ST & FDR DR,"E 6 ST & FDR DR 10009, NY"
NY,New York,East River Promenade,"East River Promenade New York, NY"
NY,New York,51 W 14th St #3r,"51 W 14th St #3r New York, NY"
NJ,Columbia,89 Mount Pleasant Road,"89 Mount Pleasant Road Columbia, NJ"
NY,Brooklyn,75A 5th Ave,"75A 5th Ave Brooklyn, NY"
NY,New York,626 10th Ave,"626 10th Ave New York, NY"
NJ,Secaucus,151 Front St,"151 Front St Secaucus, NJ"
NY,Brooklyn,620 Manhattan Ave,"620 Manhattan Ave Brooklyn, NY"
NY,New York,116 E 7th Street,"116 E 7th Street New York, NY"
NY,New York,433 E 6th St,"433 E 6th St New York, NY"
NY,New York,270 Greenwich Street Cafe Level,"270 Greenwich Street Cafe Level New York, NY"
NY,Brooklyn,273 13th Street,"273 13th Street Brooklyn, NY"
NJ,Union,1023 Stuyvesant Ave,"1023 Stuyvesant Ave Union, NJ"
NY,New York,Internet,"Internet New York, NY"
NY,New York,Hudson River Greenway,"Hudson River Greenway New York, NY"
NY,New York ,558 Broadway Avenue,"558 Broadway Avenue New York , NY"
NJ,Hoboken,1012 Grand St,"1012 Grand St Hoboken, NJ"
NY,New York,38 Park Row #4,"38 Park Row #4 New York, NY"
NY,Brooklyn,(Mickey will email or private message full sign-in information for this video conference.),"(Mickey will email or private message full sign-in information for this video conference.) Brooklyn, NY"
NY,New York,Online,"Online New York, NY"
NY,TBD,TBD,"TBD TBD, NY"
NY,Brooklyn ,422 Avenue P,"422 Avenue P Brooklyn , NY"
NY,New York,44 W 17th St,"44 W 17th St New York, NY"
NJ,Rahway,275 E Grand Ave,"275 E Grand Ave Rahway, NJ"
NY,Brooklyn,211 Putnam Ave,"211 Putnam Ave Brooklyn, NY"
NY,New York,60 E 41st St,"60 E 41st St New York, NY"
NY,New York,77 E 7th St,"77 E 7th St New York, NY"
NY,New York,350 W 50th St,"350 W 50th St New York, NY"
NY,New York,116 10th Ave,"116 10th Ave New York, NY"
NY,New York,405 W 44th St,"405 W 44th St New York, NY"
NJ,Union,1000 Morris Ave,"1000 Morris Ave Union, NJ"
NJ,Jersey City,1 Marin Blvd,"1 Marin Blvd Jersey City, NJ"
NJ,Parsippany,111 US-46,"111 US-46 Parsippany, NJ"
NJ,West Orange,253 Main St,"253 Main St West Orange, NJ"
NJ,West Orange,253 Main St,"253 Main St West Orange, NJ"
NJ,Jersey City,252 9th St,"252 9th St Jersey City, NJ"
NJ,Chatham,368 Main Street,"368 Main Street Chatham, NJ"
NJ,Columbia,89 Mount Pleasant Road,"89 Mount Pleasant Road Columbia, NJ"
NJ,Secaucus,151 Front St,"151 Front St Secaucus, NJ"
NJ,Caldwell,326 Bloomfield Ave,"326 Bloomfield Ave Caldwell, NJ"
NJ,Jersey City,143 Christopher Columbus Dr,"143 Christopher Columbus Dr Jersey City, NJ"
NJ,Fairfield,118 US-46,"118 US-46 Fairfield, NJ"
NJ,Maplewood,600 Ridgewood Rd,"600 Ridgewood Rd Maplewood, NJ"
NJ,Union,2815 Morris Ave,"2815 Morris Ave Union, NJ"
NJ,UNION CITY,507 43RD TS. 7th floor,"507 43RD TS. 7th floor UNION CITY, NJ"
NJ,Fairfield,333A Route 46 West Suite 255,"333A Route 46 West Suite 255 Fairfield, NJ"
NJ,Garfield,619 Midland Ave,"619 Midland Ave Garfield, NJ"
NJ,Jersey City,535 Washington Blvd. ,"535 Washington Blvd.  Jersey City, NJ"
NJ,Jersey City,29 McWilliams Pl.,"29 McWilliams Pl. Jersey City, NJ"
NJ,Lyndhurst,289 Stuyvesant Ave 2nd floor,"289 Stuyvesant Ave 2nd floor Lyndhurst, NJ"
NJ,Nutley,7 High St,"7 High St Nutley, NJ"
NJ,Nutley,7 High St,"7 High St Nutley, NJ"
NJ,Jersey City,"189 Brunswick St, 3rd Floor","189 Brunswick St, 3rd Floor Jersey City, NJ"
NJ,Union,1023 Stuyvesant Ave,"1023 Stuyvesant Ave Union, NJ"
NJ,Montclair,700 Bloomfield Ave,"700 Bloomfield Ave Montclair, NJ"
NJ,Hoboken,1012 Grand St,"1012 Grand St Hoboken, NJ"
NJ,New Brunswick,51 US Hwy 1,"51 US Hwy 1 New Brunswick, NJ"
NJ,Edison,Main St,"Main St Edison, NJ"
NJ,Edison,55 Parsonage Rd,"55 Parsonage Rd Edison, NJ"
NJ,edison,1551 US Highway 1 South,"1551 US Highway 1 South edison, NJ"
NJ,South Amboy,Garden State Pkwy,"Garden State Pkwy South Amboy, NJ"
NJ,Edison ,Contact Scott,"Contact Scott Edison , NJ"
NJ,Piscataway,54 Joyce Kilmer Avenue,"54 Joyce Kilmer Avenue Piscataway, NJ"
NJ,Piscataway,54 Joyce Kilmer Avenue,"54 Joyce Kilmer Avenue Piscataway, NJ"
NJ,Hillsborough Township,381 Triangle Rd,"381 Triangle Rd Hillsborough Township, NJ"
NJ,South River,284 Whitehead Avenue (485 Whitehead Avenue for GPS) ,"284 Whitehead Avenue (485 Whitehead Avenue for GPS)  South River, NJ"
NJ,South River,284 Whitehead Avenue  (485 Whitehead Avenue for GPS),"284 Whitehead Avenue  (485 Whitehead Avenue for GPS) South River, NJ"
NJ,Warren,100 Town Center Dr,"100 Town Center Dr Warren, NJ"
NJ,Parlin,807 Washington Rd,"807 Washington Rd Parlin, NJ"
NJ,Edison,101 US-1,"101 US-1 Edison, NJ"
NJ,Somerset,1045 Easton Ave,"1045 Easton Ave Somerset, NJ"
NJ,Somerset,1045 Easton Ave,"1045 Easton Ave Somerset, NJ"
NJ,Piscataway,1050 Stelton Rd. ,"1050 Stelton Rd.  Piscataway, NJ"
NJ,Piscataway,44 Stelton Rd #215,"44 Stelton Rd #215 Piscataway, NJ"
NJ,Old Bridge Township,61 Pine Street,"61 Pine Street Old Bridge Township, NJ"
NJ,Woodbridge,Second Floor,"Second Floor Woodbridge, NJ"
NJ,Hoboken,901 Park Ave,"901 Park Ave Hoboken, NJ"
NJ,Hoboken,901 Park Ave,"901 Park Ave Hoboken, NJ"
NY,New York,  569 Hudson St,"  569 Hudson St New York, NY"
NJ,Hoboken ,1423 Clinton Street ,"1423 Clinton Street  Hoboken , NJ"
NE,Jersey City,1 Audrey Zapp Dr,"1 Audrey Zapp Dr Jersey City, NE"
NJ,Hoboken,Frank Sinatra Dr,"Frank Sinatra Dr Hoboken, NJ"
NJ,Lodi,460 Passaic Avenue,"460 Passaic Avenue Lodi, NJ"
NY,New York,Your Guide will meet you when you get out from the train at Poughkeepsie,"Your Guide will meet you when you get out from the train at Poughkeepsie New York, NY"
NY,New York,from Grand Central Your guide will meet you in Pougkeepsie,"from Grand Central Your guide will meet you in Pougkeepsie New York, NY"
NJ,Lodi,460 Passaic Avenue,"460 Passaic Avenue Lodi, NJ"
NY,Brooklyn,1 Oak St,"1 Oak St Brooklyn, NY"
NY,New York,Flushing Meadows Pedestrian Bridge & Roosevelt Ave,"Flushing Meadows Pedestrian Bridge & Roosevelt Ave New York, NY"
NJ,Newark,14 Rector Street,"14 Rector Street Newark, NJ"
NJ,Jersey City,252 9th St,"252 9th St Jersey City, NJ"
NY,Brooklyn,695 5th Ave,"695 5th Ave Brooklyn, NY"
NJ,Teaneck,687 Larch Ave,"687 Larch Ave Teaneck, NJ"
NY,New York,10 Columbus Cir,"10 Columbus Cir New York, NY"
NY,New York,675 3rd Ave,"675 3rd Ave New York, NY"
NY,New York,Online,"Online New York, NY"
NY,New York,10 South William St,"10 South William St New York, NY"
NY,New York,See Description Box for,"See Description Box for New York, NY"
NY,Astoria,3801 35th Ave,"3801 35th Ave Astoria, NY"
NY,Brooklyn,345 Adams St.,"345 Adams St. Brooklyn, NY"
NY,"Riverdale, Bronx",5521 Mosholu Avenue ,"5521 Mosholu Avenue  Riverdale, Bronx, NY"
NY,New York,61 W 62nd St,"61 W 62nd St New York, NY"
NY,New York,433 E 6th St,"433 E 6th St New York, NY"
NJ,Hoboken,901 Park Ave,"901 Park Ave Hoboken, NJ"
NJ,Hoboken,901 Park Ave,"901 Park Ave Hoboken, NJ"
NY,New York,  569 Hudson St,"  569 Hudson St New York, NY"
NJ,Hoboken ,1423 Clinton Street ,"1423 Clinton Street  Hoboken , NJ"
NE,Jersey City,1 Audrey Zapp Dr,"1 Audrey Zapp Dr Jersey City, NE"
NJ,Hoboken,Frank Sinatra Dr,"Frank Sinatra Dr Hoboken, NJ"
NY,New York,Your Guide will meet you when you get out from the train at Poughkeepsie,"Your Guide will meet you when you get out from the train at Poughkeepsie New York, NY"
NY,New York,from Grand Central Your guide will meet you in Pougkeepsie,"from Grand Central Your guide will meet you in Pougkeepsie New York, NY"
NY,Brooklyn,1 Oak St,"1 Oak St Brooklyn, NY"
NJ,Newark,14 Rector Street,"14 Rector Street Newark, NJ"
NJ,Lodi,460 Passaic Avenue,"460 Passaic Avenue Lodi, NJ"
NY,Staten Island,Silver Lake Park Road/Corner of Forest Avenue,"Silver Lake Park Road/Corner of Forest Avenue Staten Island, NY"
NY,New York,Flushing Meadows Pedestrian Bridge & Roosevelt Ave,"Flushing Meadows Pedestrian Bridge & Roosevelt Ave New York, NY"
NJ,Lodi,460 Passaic Avenue,"460 Passaic Avenue Lodi, NJ"
NY,Astoria,34-37 37th Street,"34-37 37th Street Astoria, NY"
NY,New York,281 Main Street,"281 Main Street New York, NY"
NY,New York,Riverside Dr,"Riverside Dr New York, NY"
NY,New York, Central Park South," Central Park South New York, NY"
NJ,Jersey City,870 Montgomery St,"870 Montgomery St Jersey City, NJ"
NY,New York,103rd Street and Riverside Dr.,"103rd Street and Riverside Dr. New York, NY"
NY,New York,86th St Transverse,"86th St Transverse New York, NY"
NJ,Jersey City,1 Audrey Zapp Dr,"1 Audrey Zapp Dr Jersey City, NJ"
NY,New York,555 E 90th St,"555 E 90th St New York, NY"
NY,New York,W 54th St,"W 54th St New York, NY"
NY,New York,2 East 90th Street,"2 East 90th Street New York, NY"
NY,10009,E 6 ST & FDR DR,"E 6 ST & FDR DR 10009, NY"
NY,New York,SouthEast Corner of Central Park. (5th Ave & 59th St.),"SouthEast Corner of Central Park. (5th Ave & 59th St.) New York, NY"
NY,New York,11 W 53rd St,"11 W 53rd St New York, NY"
NY,New York,51 W 14th St #3r,"51 W 14th St #3r New York, NY"
NY,New York,111 East 33rd St.,"111 East 33rd St. New York, NY"
NJ,Jersey City,143 Christopher Columbus Dr,"143 Christopher Columbus Dr Jersey City, NJ"
NY,New York,158 E. 115th Street,"158 E. 115th Street New York, NY"
NY,Brooklyn,"147 Prince Street, 4th Floor","147 Prince Street, 4th Floor Brooklyn, NY"
NY,Brooklyn,243 78th St,"243 78th St Brooklyn, NY"
NY,New York,484 W 43rd St,"484 W 43rd St New York, NY"
NY,Brooklyn,769 Washington Avenue,"769 Washington Avenue Brooklyn, NY"
NY,Brooklyn,227 Utica Avenue,"227 Utica Avenue Brooklyn, NY"
NY,New York,Cyberspace,"Cyberspace New York, NY"
NY,Brooklyn,320 West 37th Street,"320 West 37th Street Brooklyn, NY"
NY,New York,2 West 64th Street (At Central Park West),"2 West 64th Street (At Central Park West) New York, NY"
NY,New York,1095 Sixth Ave ,"1095 Sixth Ave  New York, NY"
NY,New York,32nd Street and 7th Avenue,"32nd Street and 7th Avenue New York, NY"
NY,New York,10 West 33rd Street,"10 West 33rd Street New York, NY"
NY,New York,New York,"New York New York, NY"
NY,New York,627 9th Ave,"627 9th Ave New York, NY"
NY,New York,627 9th Avenue,"627 9th Avenue New York, NY"
NY,New York,321 W 44th St #103,"321 W 44th St #103 New York, NY"
NY,Brooklyn,105 Montrose Ave ,"105 Montrose Ave  Brooklyn, NY"
NY,New York ,2149 Frederick Douglass Blvd,"2149 Frederick Douglass Blvd New York , NY"
NY,New York,Virtual Online Meeting,"Virtual Online Meeting New York, NY"
NY,Manhattan,425 Avenue of the Americas (Sixth Avenue and 10th Street,"425 Avenue of the Americas (Sixth Avenue and 10th Street Manhattan, NY"
NY,New York,939 Lexington Avenue (between E. 68th & E. 69th Streets),"939 Lexington Avenue (between E. 68th & E. 69th Streets) New York, NY"
NY,New York,433 E 6th St,"433 E 6th St New York, NY"
NY,New York ,1085 5th Avenue ,"1085 5th Avenue  New York , NY"
NY,New York,270 Greenwich Street Cafe Level,"270 Greenwich Street Cafe Level New York, NY"
NY,Brooklyn,273 13th Street,"273 13th Street Brooklyn, NY"
NY,New York,1678 3rd Ave,"1678 3rd Ave New York, NY"
NY,10012,Sullivan St & Washington Square S,"Sullivan St & Washington Square S 10012, NY"
NY,New York,Central Park,"Central Park New York, NY"
NJ,Matawan,Cheesequake State Park,"Cheesequake State Park Matawan, NJ"
NJ,Edison,Main St,"Main St Edison, NJ"
NJ,New Brunswick,51 US Hwy 1,"51 US Hwy 1 New Brunswick, NJ"
NY,Staten Island,1 Eton Pl,"1 Eton Pl Staten Island, NY"
NJ,Woodbridge,600 Main Street,"600 Main Street Woodbridge, NJ"
NJ,Metuchen,215 Durham Avenue,"215 Durham Avenue Metuchen, NJ"
NJ,Edison,"485, U.S. 1","485, U.S. 1 Edison, NJ"
NJ,Milltown,89 Albert Avenue,"89 Albert Avenue Milltown, NJ"
NJ,South Plainfield,25 Davis Street,"25 Davis Street South Plainfield, NJ"
NJ,Cranford,29 Alden Street ,"29 Alden Street  Cranford, NJ"
NJ,South Amboy,Garden State Pkwy,"Garden State Pkwy South Amboy, NJ"
NJ,Edison,Pierson Ave,"Pierson Ave Edison, NJ"
NJ,Edison ,Contact Scott,"Contact Scott Edison , NJ"
NJ,Roselle,587 Raritan Road,"587 Raritan Road Roselle, NJ"
NJ,Matawan,"169 Main Street, Ste 105","169 Main Street, Ste 105 Matawan, NJ"
NJ,Piscataway,54 Joyce Kilmer Avenue,"54 Joyce Kilmer Avenue Piscataway, NJ"
NJ,Piscataway,54 Joyce Kilmer Avenue,"54 Joyce Kilmer Avenue Piscataway, NJ"
NJ,Aberdeern,95 Cambridge Drive,"95 Cambridge Drive Aberdeern, NJ"
NJ,South River,284 Whitehead Avenue  (485 Whitehead Avenue for GPS),"284 Whitehead Avenue  (485 Whitehead Avenue for GPS) South River, NJ"
NJ,South River,284 Whitehead Avenue (485 Whitehead Avenue for GPS) ,"284 Whitehead Avenue (485 Whitehead Avenue for GPS)  South River, NJ"
NJ,Mountainside,New Providence Road,"New Providence Road Mountainside, NJ"
NJ,Mountainside,452 New Providence Rd,"452 New Providence Rd Mountainside, NJ"
NJ,Edison,55 Parsonage Rd,"55 Parsonage Rd Edison, NJ"
NJ,edison,1551 US Highway 1 South,"1551 US Highway 1 South edison, NJ"
NJ,Madison,10-12 Elmer St Unit A,"10-12 Elmer St Unit A Madison, NJ"
NJ,Bridgewater,159 Rt 22 East Greenbrook,"159 Rt 22 East Greenbrook Bridgewater, NJ"
NJ,Edison,Pierson Ave,"Pierson Ave Edison, NJ"
NJ,Edison ,Contact Scott,"Contact Scott Edison , NJ"
NJ,Garwood,99 Center St Ste A,"99 Center St Ste A Garwood, NJ"
NJ,Bernardsville,123 Claremont Road ,"123 Claremont Road  Bernardsville, NJ"
NJ,Rahway,275 E Grand Ave,"275 E Grand Ave Rahway, NJ"
NJ,Piscataway,1050 Stelton Rd. ,"1050 Stelton Rd.  Piscataway, NJ"
NJ,Somerset,1045 Easton Ave,"1045 Easton Ave Somerset, NJ"
NJ,Edison,101 US-1,"101 US-1 Edison, NJ"
NJ,Piscataway,44 Stelton Rd #215,"44 Stelton Rd #215 Piscataway, NJ"
NJ,Somerset,1045 Easton Ave,"1045 Easton Ave Somerset, NJ"
NJ,Woodbridge,Second Floor,"Second Floor Woodbridge, NJ"
NJ,Ridgewood,14 Hope Street,"14 Hope Street Ridgewood, NJ"
NY,New York,120 West 69th Street ,"120 West 69th Street  New York, NY"
NJ,Lyndhurst,"420 Valley Brook Avenue, Lyndhurst 07071","420 Valley Brook Avenue, Lyndhurst 07071 Lyndhurst, NJ"
NY,New York,Morningside Dr,"Morningside Dr New York, NY"
NY,New York,177 East 87th St  204,"177 East 87th St  204 New York, NY"
NY,New York,1000 5th Avenue,"1000 5th Avenue New York, NY"
NY,"Riverdale, Bronx",5521 Mosholu Avenue ,"5521 Mosholu Avenue  Riverdale, Bronx, NY"
NY,New York,61 W 62nd St,"61 W 62nd St New York, NY"
NY,New York,805 Ft. Washington Ave Margaret Corbin Circle,"805 Ft. Washington Ave Margaret Corbin Circle New York, NY"
NY,New York,867 Madison Ave,"867 Madison Ave New York, NY"
NY,New York,E 71st St,"E 71st St New York, NY"
NY,"Manhattan, New York",Subway is 69th St. on the 6,"Subway is 69th St. on the 6 Manhattan, New York, NY"
NY,New York,247 W 37th St,"247 W 37th St New York, NY"
NY,New York,422 W 57th St (entrance to the right of Trinity Church),"422 W 57th St (entrance to the right of Trinity Church) New York, NY"
NY,New York ,2149 Frederick Douglass Blvd,"2149 Frederick Douglass Blvd New York , NY"
NY,New York,939 Lexington Avenue (between E. 68th & E. 69th Streets),"939 Lexington Avenue (between E. 68th & E. 69th Streets) New York, NY"
NJ,Fairview,394 Walker St,"394 Walker St Fairview, NJ"
NY,New York,1678 3rd Ave,"1678 3rd Ave New York, NY"
NY,New York,158 E 115th St,"158 E 115th St New York, NY"
NJ,Matawan,Cheesequake State Park,"Cheesequake State Park Matawan, NJ"
NJ,New Brunswick,51 US Hwy 1,"51 US Hwy 1 New Brunswick, NJ"
NJ,Edison,Main St,"Main St Edison, NJ"
NJ,Monroe Township,47 Monmouth Rd,"47 Monmouth Rd Monroe Township, NJ"
NJ,Edison,Pierson Ave,"Pierson Ave Edison, NJ"
NJ,Edison ,Contact Scott,"Contact Scott Edison , NJ"
NJ,Matawan,"169 Main Street, Ste 105","169 Main Street, Ste 105 Matawan, NJ"
NJ,Piscataway,54 Joyce Kilmer Avenue,"54 Joyce Kilmer Avenue Piscataway, NJ"
NJ,Piscataway,54 Joyce Kilmer Avenue,"54 Joyce Kilmer Avenue Piscataway, NJ"
NJ,Aberdeern,95 Cambridge Drive,"95 Cambridge Drive Aberdeern, NJ"
NJ,Old Bridge,Maple St,"Maple St Old Bridge, NJ"
NJ,Rahway,275 E Grand Ave,"275 E Grand Ave Rahway, NJ"
NJ,Mountainside,New Providence Road,"New Providence Road Mountainside, NJ"
NY,Staten Island,1 Eton Pl,"1 Eton Pl Staten Island, NY"
NJ,Mountainside,452 New Providence Rd,"452 New Providence Rd Mountainside, NJ"
NJ,Newark,14 Rector Street,"14 Rector Street Newark, NJ"
NJ,Union,1000 Morris Ave,"1000 Morris Ave Union, NJ"
NJ,Vauxhall,2933 Vauxhall Road,"2933 Vauxhall Road Vauxhall, NJ"
NJ,Edison,55 Parsonage Rd,"55 Parsonage Rd Edison, NJ"
NJ,edison,1551 US Highway 1 South,"1551 US Highway 1 South edison, NJ"
NJ,Edison,Pierson Ave,"Pierson Ave Edison, NJ"
NJ,Maplewood,600 Ridgewood Rd,"600 Ridgewood Rd Maplewood, NJ"
NY,Staten Island,1600 Hylan Boulevard,"1600 Hylan Boulevard Staten Island, NY"
NJ,Maplewood,1970 Springfield Ave,"1970 Springfield Ave Maplewood, NJ"
NJ,Edison ,Contact Scott,"Contact Scott Edison , NJ"
NJ,Maplewood,1970 Springfield Ave,"1970 Springfield Ave Maplewood, NJ"
NJ,Garwood,99 Center St Ste A,"99 Center St Ste A Garwood, NJ"
NJ,Union,2815 Morris Ave,"2815 Morris Ave Union, NJ"
NJ,Union,1023 Stuyvesant Ave,"1023 Stuyvesant Ave Union, NJ"
NJ,Rahway,275 E Grand Ave,"275 E Grand Ave Rahway, NJ"
NJ,West Orange,253 Main St,"253 Main St West Orange, NJ"
NJ,West Orange,253 Main St,"253 Main St West Orange, NJ"
NJ,Jersey City,252 9th St,"252 9th St Jersey City, NJ"
NY,Brooklyn,695 5th Ave,"695 5th Ave Brooklyn, NY"
NY,New York,10 Columbus Cir,"10 Columbus Cir New York, NY"
NY,New York,Online,"Online New York, NY"
NY,New York,675 3rd Ave,"675 3rd Ave New York, NY"
NY,New York,10 South William St,"10 South William St New York, NY"
NY,New York,11 W 53rd St,"11 W 53rd St New York, NY"
NY,New York,51 W 14th St #3r,"51 W 14th St #3r New York, NY"
NY,New York,626 10th Ave,"626 10th Ave New York, NY"
NJ,Columbia,89 Mount Pleasant Road,"89 Mount Pleasant Road Columbia, NJ"
NJ,Secaucus,151 Front St,"151 Front St Secaucus, NJ"
NY,New York,105th and Broadway ,"105th and Broadway  New York, NY"
NY,Brooklyn,620 Manhattan Ave,"620 Manhattan Ave Brooklyn, NY"
NY,New York,116 E 7th Street,"116 E 7th Street New York, NY"
NY,Brooklyn,75A 5th Ave,"75A 5th Ave Brooklyn, NY"
NY,New York,Virtual Online Meeting,"Virtual Online Meeting New York, NY"
NY,Manhattan,425 Avenue of the Americas (Sixth Avenue and 10th Street,"425 Avenue of the Americas (Sixth Avenue and 10th Street Manhattan, NY"
NY,New York ,2149 Frederick Douglass Blvd,"2149 Frederick Douglass Blvd New York , NY"
NY,New York,939 Lexington Avenue (between E. 68th & E. 69th Streets),"939 Lexington Avenue (between E. 68th & E. 69th Streets) New York, NY"
NJ,Maplewood,600 Ridgewood Rd,"600 Ridgewood Rd Maplewood, NJ"
NY,10012,Sullivan St & Washington Square S,"Sullivan St & Washington Square S 10012, NY"
NY,New York,Central Park,"Central Park New York, NY"
NY,New York,1678 3rd Ave,"1678 3rd Ave New York, NY"
NY,New York,510 East 62nd Street,"510 East 62nd Street New York, NY"
NJ,Union,1023 Stuyvesant Ave,"1023 Stuyvesant Ave Union, NJ"
NY,New York,158 E 115th St,"158 E 115th St New York, NY"
NJ,Jersey City,252 9th St,"252 9th St Jersey City, NJ"
NJ,Teaneck,687 Larch Ave,"687 Larch Ave Teaneck, NJ"
NY,New York,10 Columbus Cir,"10 Columbus Cir New York, NY"
NY,New York,675 3rd Ave,"675 3rd Ave New York, NY"
NJ,Paramus,400 Paramus Rd,"400 Paramus Rd Paramus, NJ"
NY,New York,Online,"Online New York, NY"
NY,New York,1000 5th Avenue,"1000 5th Avenue New York, NY"
NY,New York,51 W 14th St #3r,"51 W 14th St #3r New York, NY"
NY,New York,2 West 64th Street (At Central Park West),"2 West 64th Street (At Central Park West) New York, NY"
NY,New York,Cyberspace,"Cyberspace New York, NY"
NY,Brooklyn,320 West 37th Street,"320 West 37th Street Brooklyn, NY"
NY,New York,1095 Sixth Ave ,"1095 Sixth Ave  New York, NY"
NY,New York,32nd Street and 7th Avenue,"32nd Street and 7th Avenue New York, NY"
NY,New York,10 West 33rd Street,"10 West 33rd Street New York, NY"
NY,New York,627 9th Ave,"627 9th Ave New York, NY"
NY,New York,627 9th Avenue,"627 9th Avenue New York, NY"
NY,New York,321 W 44th St #103,"321 W 44th St #103 New York, NY"
NY,Astoria,46-09 31st Ave,"46-09 31st Ave Astoria, NY"
NY,New York,New York,"New York New York, NY"
NY,WHITESTONE,150-11 14th Avenue,"150-11 14th Avenue WHITESTONE, NY"
NY,New York ,2149 Frederick Douglass Blvd,"2149 Frederick Douglass Blvd New York , NY"
NY,Manhattan,425 Avenue of the Americas (Sixth Avenue and 10th Street,"425 Avenue of the Americas (Sixth Avenue and 10th Street Manhattan, NY"
NY,New York,939 Lexington Avenue (between E. 68th & E. 69th Streets),"939 Lexington Avenue (between E. 68th & E. 69th Streets) New York, NY"
NY,New York,Virtual Online Meeting,"Virtual Online Meeting New York, NY"
NY,New York,115 W 45th St,"115 W 45th St New York, NY"
NJ,North Bergen,3167 John F. Kennedy Blvd,"3167 John F. Kennedy Blvd North Bergen, NJ"
NY,New York,Amsterdam Ave. between 110 - 111th Streets,"Amsterdam Ave. between 110 - 111th Streets New York, NY"
NY,New York,"1551 3rd Avenue, New York, NY 10128","1551 3rd Avenue, New York, NY 10128 New York, NY"
NY,New York,11 East 33rd Street,"11 East 33rd Street New York, NY"
NY,Manhattan,Manhattan,"Manhattan Manhattan, NY"
NJ,Lyndhurst,455 Valley Brook Ave,"455 Valley Brook Ave Lyndhurst, NJ"
NJ,Paramus,770 Rt. 17 North,"770 Rt. 17 North Paramus, NJ"
NY,TBA,TBA,"TBA TBA, NY"
NE,Queens,"36-51 Main St, Queens, NY 11354","36-51 Main St, Queens, NY 11354 Queens, NE"
NY,Brooklyn,Email or text,"Email or text Brooklyn, NY"
NY,New York,119 Chambers St,"119 Chambers St New York, NY"
NJ,Fairview,394 Walker St,"394 Walker St Fairview, NJ"
NY,New York,1678 3rd Ave,"1678 3rd Ave New York, NY"
NY,Queens,10-93 Jackson Ave,"10-93 Jackson Ave Queens, NY"
NY,New York,765 Washington St,"765 Washington St New York, NY"
NE,New York,"177 Prince St, New York, NY 10012","177 Prince St, New York, NY 10012 New York, NE"
NJ,Jersey City,29 McWilliams Pl.,"29 McWilliams Pl. Jersey City, NJ"
NY,New York,158 E 115th St,"158 E 115th St New York, NY"
NY,New York,Grand Army Plaza,"Grand Army Plaza New York, NY"
NY,New York,102 W 73rd St,"102 W 73rd St New York, NY"
NJ,Rutherford,40 Park Ave,"40 Park Ave Rutherford, NJ"
NY,TBD,TBD,"TBD TBD, NY"
NJ,Paramus,300 Bergen Town Center,"300 Bergen Town Center Paramus, NJ"
NY,New York,"95 Delancey Street (On the corner of Delancey & Ludlow), New York, NY ","95 Delancey Street (On the corner of Delancey & Ludlow), New York, NY  New York, NY"
NY,New York,Online,"Online New York, NY"
NY,New York,350 W 50th St,"350 W 50th St New York, NY"
NJ,Hoboken,1012 Grand St,"1012 Grand St Hoboken, NJ"
NY,New York,W 67th St,"W 67th St New York, NY"
NY,New York,60 E 41st St,"60 E 41st St New York, NY"
NY,New York,W 57th St,"W 57th St New York, NY"
NY,New York,95 Delancey Street (On the corner of Delancey & Ludlow),"95 Delancey Street (On the corner of Delancey & Ludlow) New York, NY"
NY,New York ,558 Broadway Avenue,"558 Broadway Avenue New York , NY"
NY,New York,405 W 44th St,"405 W 44th St New York, NY"
NJ,Bridgeton,45 Mayor Aitken Dr,"45 Mayor Aitken Dr Bridgeton, NJ"
NJ,Pittsgrove,701 Almond Rd,"701 Almond Rd Pittsgrove, NJ"
NJ,Vernon Township,200 NJ-94,"200 NJ-94 Vernon Township, NJ"
NJ,Newfoundland,Paterson Hamburg Turnpike,"Paterson Hamburg Turnpike Newfoundland, NJ"
NJ,Newton,55 Newton Sparta Rd,"55 Newton Sparta Rd Newton, NJ"
NJ,Newton,36 Hampton House Rd,"36 Hampton House Rd Newton, NJ"
NJ,Lafayette,67 Lawrence Rd,"67 Lawrence Rd Lafayette, NJ"
NJ,Hoboken,901 Park Ave,"901 Park Ave Hoboken, NJ"
NJ,Hoboken,901 Park Ave,"901 Park Ave Hoboken, NJ"
NY,New York,  569 Hudson St,"  569 Hudson St New York, NY"
NJ,Hoboken ,1423 Clinton Street ,"1423 Clinton Street  Hoboken , NJ"
NE,Jersey City,1 Audrey Zapp Dr,"1 Audrey Zapp Dr Jersey City, NE"
NY,New York,Flushing Meadows Pedestrian Bridge & Roosevelt Ave,"Flushing Meadows Pedestrian Bridge & Roosevelt Ave New York, NY"
NJ,Hoboken,Frank Sinatra Dr,"Frank Sinatra Dr Hoboken, NJ"
NY,New York,Your Guide will meet you when you get out from the train at Poughkeepsie,"Your Guide will meet you when you get out from the train at Poughkeepsie New York, NY"
NY,New York,from Grand Central Your guide will meet you in Pougkeepsie,"from Grand Central Your guide will meet you in Pougkeepsie New York, NY"
NY,Brooklyn,1 Oak St,"1 Oak St Brooklyn, NY"
NJ,Lodi,460 Passaic Avenue,"460 Passaic Avenue Lodi, NJ"
NJ,Newark,14 Rector Street,"14 Rector Street Newark, NJ"
NY,Staten Island,Silver Lake Park Road/Corner of Forest Avenue,"Silver Lake Park Road/Corner of Forest Avenue Staten Island, NY"
NJ,Lodi,460 Passaic Avenue,"460 Passaic Avenue Lodi, NJ"
NY,Brooklyn,695 5th Ave,"695 5th Ave Brooklyn, NY"
NJ,Jersey City,252 9th St,"252 9th St Jersey City, NJ"
NY,New York,10 Columbus Cir,"10 Columbus Cir New York, NY"
NY,New York,675 3rd Ave,"675 3rd Ave New York, NY"
NY,New York,Online,"Online New York, NY"
NJ,Teaneck,687 Larch Ave,"687 Larch Ave Teaneck, NJ"
NY,New York,10 South William St,"10 South William St New York, NY"
NY,New York,800 Poly Place,"800 Poly Place New York, NY"
NY,New York,See Description Box for,"See Description Box for New York, NY"
NY,Astoria,3801 35th Ave,"3801 35th Ave Astoria, NY"
NY,Brooklyn,345 Adams St.,"345 Adams St. Brooklyn, NY"
NY,New York,61 W 62nd St,"61 W 62nd St New York, NY"
NY,New York,111 East 33rd St.,"111 East 33rd St. New York, NY"
NJ,Jersey City,143 Christopher Columbus Dr,"143 Christopher Columbus Dr Jersey City, NJ"
NY,New York,158 E. 115th Street,"158 E. 115th Street New York, NY"
NY,Brooklyn,"147 Prince Street, 4th Floor","147 Prince Street, 4th Floor Brooklyn, NY"
NY,New York,484 W 43rd St,"484 W 43rd St New York, NY"
NY,Brooklyn,243 78th St,"243 78th St Brooklyn, NY"
NY,Brooklyn,227 Utica Avenue,"227 Utica Avenue Brooklyn, NY"
NY,Brooklyn,769 Washington Avenue,"769 Washington Avenue Brooklyn, NY"
NY,New York ,2149 Frederick Douglass Blvd,"2149 Frederick Douglass Blvd New York , NY"
NY,New York,Virtual Online Meeting,"Virtual Online Meeting New York, NY"
NY,Manhattan,425 Avenue of the Americas (Sixth Avenue and 10th Street,"425 Avenue of the Americas (Sixth Avenue and 10th Street Manhattan, NY"
NY,New York,939 Lexington Avenue (between E. 68th & E. 69th Streets),"939 Lexington Avenue (between E. 68th & E. 69th Streets) New York, NY"
NY,New York,433 E 6th St,"433 E 6th St New York, NY"
NY,New York ,1085 5th Avenue ,"1085 5th Avenue  New York , NY"
NY,New York,270 Greenwich Street Cafe Level,"270 Greenwich Street Cafe Level New York, NY"
NY,Brooklyn,273 13th Street,"273 13th Street Brooklyn, NY"
NY,New York,1678 3rd Ave,"1678 3rd Ave New York, NY"
NY,10012,Sullivan St & Washington Square S,"Sullivan St & Washington Square S 10012, NY"
NY,New York,Central Park,"Central Park New York, NY"
NY,Brooklyn,513 Johnson Avenue #13,"513 Johnson Avenue #13 Brooklyn, NY"
NY,New York,158 E 115th St,"158 E 115th St New York, NY"
NY,Brooklyn,695 5th Ave,"695 5th Ave Brooklyn, NY"
NJ,Jersey City,252 9th St,"252 9th St Jersey City, NJ"
NY,New York,10 Columbus Cir,"10 Columbus Cir New York, NY"
NY,New York,675 3rd Ave,"675 3rd Ave New York, NY"
NY,New York,Online,"Online New York, NY"
NY,New York,800 Poly Place,"800 Poly Place New York, NY"
NY,New York,10 South William St,"10 South William St New York, NY"
NY,New York,11 W 53rd St,"11 W 53rd St New York, NY"
NY,New York,51 W 14th St #3r,"51 W 14th St #3r New York, NY"
NY,New York,See Description Box for,"See Description Box for New York, NY"
NY,Astoria,3801 35th Ave,"3801 35th Ave Astoria, NY"
NY,Brooklyn,345 Adams St.,"345 Adams St. Brooklyn, NY"
NY,New York,61 W 62nd St,"61 W 62nd St New York, NY"
NY,New York ,2149 Frederick Douglass Blvd,"2149 Frederick Douglass Blvd New York , NY"
NY,New York,Virtual Online Meeting,"Virtual Online Meeting New York, NY"
NY,Manhattan,425 Avenue of the Americas (Sixth Avenue and 10th Street,"425 Avenue of the Americas (Sixth Avenue and 10th Street Manhattan, NY"
NY,New York,939 Lexington Avenue (between E. 68th & E. 69th Streets),"939 Lexington Avenue (between E. 68th & E. 69th Streets) New York, NY"
NY,Staten Island,1600 Hylan Boulevard,"1600 Hylan Boulevard Staten Island, NY"
NY,New York,433 E 6th St,"433 E 6th St New York, NY"
NY,New York,1601 Broadway,"1601 Broadway New York, NY"
NY,New York,25 W 31st street,"25 W 31st street New York, NY"
NY,New York ,1601 Broadway 11th floor ,"1601 Broadway 11th floor  New York , NY"
NY,New York,265 W 37th St,"265 W 37th St New York, NY"
NY,Brooklyn ,11 Newel St ,"11 Newel St  Brooklyn , NY"
NY,Brooklyn,1368 Fulton St,"1368 Fulton St Brooklyn, NY"
NY,New York,500 8th ave 3rd fl,"500 8th ave 3rd fl New York, NY"
NY,Queens,10-93 Jackson Ave,"10-93 Jackson Ave Queens, NY"
NJ,Jersey City,"189 Brunswick St, 3rd Floor","189 Brunswick St, 3rd Floor Jersey City, NJ"
NY,New York,1678 3rd Ave,"1678 3rd Ave New York, NY"
NY,10012,Sullivan St & Washington Square S,"Sullivan St & Washington Square S 10012, NY"
NY,New York,Central Park,"Central Park New York, NY"
NY,Brooklyn,513 Johnson Avenue #13,"513 Johnson Avenue #13 Brooklyn, NY"
NY,New York,158 E 115th St,"158 E 115th St New York, NY"
NY,Brooklyn,(Mickey will email or private message full sign-in information for this video conference.),"(Mickey will email or private message full sign-in information for this video conference.) Brooklyn, NY"
NY,New York,Internet,"Internet New York, NY"
NY,New York,Grand Army Plaza,"Grand Army Plaza New York, NY"
NY,TBD,TBD,"TBD TBD, NY"
NY,New York ,558 Broadway Avenue,"558 Broadway Avenue New York , NY"
NY,New York,Online,"Online New York, NY"
NY,New York,Brooklyn,"Brooklyn New York, NY"
NJ,Hoboken,1012 Grand St,"1012 Grand St Hoboken, NJ"
NY,New York,102 W 73rd St,"102 W 73rd St New York, NY"
NY,New York,"95 Delancey Street (On the corner of Delancey & Ludlow), New York, NY ","95 Delancey Street (On the corner of Delancey & Ludlow), New York, NY  New York, NY"
NY,New York,60 E 41st St,"60 E 41st St New York, NY"
NY,New York,350 W 50th St,"350 W 50th St New York, NY"
NY,New York,W 67th St,"W 67th St New York, NY"
NY,New York,44 W 17th St,"44 W 17th St New York, NY"
NY,Brooklyn ,422 Avenue P,"422 Avenue P Brooklyn , NY"
NY,Brooklyn,695 5th Ave,"695 5th Ave Brooklyn, NY"
NJ,Jersey City,252 9th St,"252 9th St Jersey City, NJ"
NY,New York,11 W 53rd St,"11 W 53rd St New York, NY"
NY,New York,51 W 14th St #3r,"51 W 14th St #3r New York, NY"
NY,New York ,1085 5th Avenue ,"1085 5th Avenue  New York , NY"
NY,New York,270 Greenwich Street Cafe Level,"270 Greenwich Street Cafe Level New York, NY"
NY,Brooklyn,273 13th Street,"273 13th Street Brooklyn, NY"
NY,Brooklyn,513 Johnson Avenue #13,"513 Johnson Avenue #13 Brooklyn, NY"
NY,New York,158 E 115th St,"158 E 115th St New York, NY"
NJ,Jersey City,252 9th St,"252 9th St Jersey City, NJ"
NJ,Teaneck,687 Larch Ave,"687 Larch Ave Teaneck, NJ"
NY,New York,10 Columbus Cir,"10 Columbus Cir New York, NY"
NY,New York,675 3rd Ave,"675 3rd Ave New York, NY"
NY,New York,Online,"Online New York, NY"
NY,New York,10 South William St,"10 South William St New York, NY"
NY,New York,105th and Broadway ,"105th and Broadway  New York, NY"
NY,New York,626 10th Ave,"626 10th Ave New York, NY"
NY,Brooklyn,620 Manhattan Ave,"620 Manhattan Ave Brooklyn, NY"
NJ,Secaucus,151 Front St,"151 Front St Secaucus, NJ"
NY,New York,116 E 7th Street,"116 E 7th Street New York, NY"
NY,New York ,2149 Frederick Douglass Blvd,"2149 Frederick Douglass Blvd New York , NY"
NY,Manhattan,425 Avenue of the Americas (Sixth Avenue and 10th Street,"425 Avenue of the Americas (Sixth Avenue and 10th Street Manhattan, NY"
NY,New York,Virtual Online Meeting,"Virtual Online Meeting New York, NY"
NY,New York,939 Lexington Avenue (between E. 68th & E. 69th Streets),"939 Lexington Avenue (between E. 68th & E. 69th Streets) New York, NY"
NJ,Fairview,394 Walker St,"394 Walker St Fairview, NJ"
NY,New York,1678 3rd Ave,"1678 3rd Ave New York, NY"
NY,Queens,10-93 Jackson Ave,"10-93 Jackson Ave Queens, NY"
NY,New York,765 Washington St,"765 Washington St New York, NY"
NE,New York,"177 Prince St, New York, NY 10012","177 Prince St, New York, NY 10012 New York, NE"
NJ,Jersey City,29 McWilliams Pl.,"29 McWilliams Pl. Jersey City, NJ"
NY,New York ,1085 5th Avenue ,"1085 5th Avenue  New York , NY"
NY,New York,270 Greenwich Street Cafe Level,"270 Greenwich Street Cafe Level New York, NY"
NY,New York,158 E 115th St,"158 E 115th St New York, NY"
NY,Brooklyn,513 Johnson Avenue #13,"513 Johnson Avenue #13 Brooklyn, NY"
NY,Williamsville,5577 Main St,"5577 Main St Williamsville, NY"
NY,Buffalo ,33 Pannell St. #1,"33 Pannell St. #1 Buffalo , NY"
NY,Snyder,Main Street,"Main Street Snyder, NY"
NY,Buffalo,3200 Elmwood Ave,"3200 Elmwood Ave Buffalo, NY"
NY,Buffalo,238 Lexington Ave,"238 Lexington Ave Buffalo, NY"
NY,Tonawanda,Heritage Road,"Heritage Road Tonawanda, NY"
NY,Buffalo,1094 Hertel Ave,"1094 Hertel Ave Buffalo, NY"
NY,Amherst,1310 Sweet Home Road,"1310 Sweet Home Road Amherst, NY"
NY,Williamsville,6320 Main Street,"6320 Main Street Williamsville, NY"
NY,Williamsville,22 Lafayette,"22 Lafayette Williamsville, NY"
NY,Buffalo,1002 Elmwood Ave,"1002 Elmwood Ave Buffalo, NY"
NY,Rochester,Tryon Park (Road),"Tryon Park (Road) Rochester, NY"
NY,Rochester,3240 Chili Ave,"3240 Chili Ave Rochester, NY"
NY,Rochester,120 Mushroom Blvd,"120 Mushroom Blvd Rochester, NY"
NY,Rochester,1400 Winton Rd N,"1400 Winton Rd N Rochester, NY"
NY,Pittsford,24 State St.,"24 State St. Pittsford, NY"
NY,Rochester,2000 Highland ,"2000 Highland  Rochester, NY"
NY,Fairport,S Main St,"S Main St Fairport, NY"
NY,Albany,195 New Karner Rd,"195 New Karner Rd Albany, NY"
NY,Latham,605 Loudon Rd,"605 Loudon Rd Latham, NY"
NY,Albany,1 Crossgates Mall Road,"1 Crossgates Mall Road Albany, NY"
NY,Colonie,580 Albany Shaker Road,"580 Albany Shaker Road Colonie, NY"
NY,Latham,3 Lear Jet Ln,"3 Lear Jet Ln Latham, NY"
NY,Troy,71 4th St,"71 4th St Troy, NY"
NY,Albany,161 Washington Ave Ext,"161 Washington Ave Ext Albany, NY"
NY,Albany,21 King Ave,"21 King Ave Albany, NY"
NY,Albany,1510 Central Ave Suite 107,"1510 Central Ave Suite 107 Albany, NY"
NY,Latham,601 Troy Schenectady Rd,"601 Troy Schenectady Rd Latham, NY"
NY,Latham,997 New Loudon Rd. (Route 9),"997 New Loudon Rd. (Route 9) Latham, NY"
NY,Troy,2212 Burdett Avenue (directly across from Samaritan Hospital),"2212 Burdett Avenue (directly across from Samaritan Hospital) Troy, NY"
NY,Staten Island,1 Eton Pl,"1 Eton Pl Staten Island, NY"
NE,Jersey City,1 Audrey Zapp Dr,"1 Audrey Zapp Dr Jersey City, NE"
NY,New York,Your Guide will meet you when you get out from the train at Poughkeepsie,"Your Guide will meet you when you get out from the train at Poughkeepsie New York, NY"
NJ,Hoboken,901 Park Ave,"901 Park Ave Hoboken, NJ"
NJ,Hoboken,901 Park Ave,"901 Park Ave Hoboken, NJ"
NY,New York,  569 Hudson St,"  569 Hudson St New York, NY"
NJ,Hoboken,Frank Sinatra Dr,"Frank Sinatra Dr Hoboken, NJ"
NJ,Hoboken ,1423 Clinton Street ,"1423 Clinton Street  Hoboken , NJ"
NJ,Newark,14 Rector Street,"14 Rector Street Newark, NJ"
NY,New York,"416 8th ave, Corner of 31st","416 8th ave, Corner of 31st New York, NY"
NY,Brooklyn,1 Oak St,"1 Oak St Brooklyn, NY"
NY,Brooklyn,695 5th Ave,"695 5th Ave Brooklyn, NY"
NJ,Jersey City,252 9th St,"252 9th St Jersey City, NJ"
NY,New York,Online,"Online New York, NY"
NY,New York,10 South William St,"10 South William St New York, NY"
NY,New York,51 W 14th St #3r,"51 W 14th St #3r New York, NY"
NY,Brooklyn,75A 5th Ave,"75A 5th Ave Brooklyn, NY"
NY,Brooklyn,620 Manhattan Ave,"620 Manhattan Ave Brooklyn, NY"
NY,New York,116 E 7th Street,"116 E 7th Street New York, NY"
NY,Brooklyn,75A 5th Ave,"75A 5th Ave Brooklyn, NY"
NY,New York,Web-Based Remote Event,"Web-Based Remote Event New York, NY"
NY,New York,275 Greenwich Street,"275 Greenwich Street New York, NY"
NY,New York,89 7th Ave,"89 7th Ave New York, NY"
NY,New York,119 MacDougal Street,"119 MacDougal Street New York, NY"
NY,NY,NY,"NY NY, NY"
NY,New York,38 West 32nd Street,"38 West 32nd Street New York, NY"
NY,New York,"38 W 32nd St, New York, NY 10001","38 W 32nd St, New York, NY 10001 New York, NY"
NY,Brooklyn,243 78th St,"243 78th St Brooklyn, NY"
NJ,Jersey City,143 Christopher Columbus Dr,"143 Christopher Columbus Dr Jersey City, NJ"
NY,Brooklyn,"147 Prince Street, 4th Floor","147 Prince Street, 4th Floor Brooklyn, NY"
NY,Brooklyn,769 Washington Avenue,"769 Washington Avenue Brooklyn, NY"
NY,Brooklyn,227 Utica Avenue,"227 Utica Avenue Brooklyn, NY"
NY,New York,111 East 33rd St.,"111 East 33rd St. New York, NY"
NY,New York,New York,"New York New York, NY"
NY,New York,Cyberspace,"Cyberspace New York, NY"
NY,Brooklyn,320 West 37th Street,"320 West 37th Street Brooklyn, NY"
NY,New York,32nd Street and 7th Avenue,"32nd Street and 7th Avenue New York, NY"
NY,New York,10 West 33rd Street,"10 West 33rd Street New York, NY"
NY,New York,230 Vesey St,"230 Vesey St New York, NY"
NY,Brooklyn,105 Montrose Ave ,"105 Montrose Ave  Brooklyn, NY"
NY,New York,Virtual Online Meeting,"Virtual Online Meeting New York, NY"
NY,Staten Island,1600 Hylan Boulevard,"1600 Hylan Boulevard Staten Island, NY"
NY,Manhattan,425 Avenue of the Americas (Sixth Avenue and 10th Street,"425 Avenue of the Americas (Sixth Avenue and 10th Street Manhattan, NY"
NY,New York,433 E 6th St,"433 E 6th St New York, NY"
NY,New York,25 W 31st street,"25 W 31st street New York, NY"
NY,Brooklyn,1368 Fulton St,"1368 Fulton St Brooklyn, NY"
NJ,Jersey City,"189 Brunswick St, 3rd Floor","189 Brunswick St, 3rd Floor Jersey City, NJ"
NY,New York,109 E 9th St,"109 E 9th St New York, NY"
NY,New York,265 W 37th St,"265 W 37th St New York, NY"
NY,New York,520 8th Ave 16th Fl 10018,"520 8th Ave 16th Fl 10018 New York, NY"
NY,New York,500 8th ave 3rd fl,"500 8th ave 3rd fl New York, NY"
NY,Syracuse,"Online! previously in Hillyer Room, BIrd Library 222 Waverly Ave","Online! previously in Hillyer Room, BIrd Library 222 Waverly Ave Syracuse, NY"
NY,Syracuse,881 Van Rensselaer St,"881 Van Rensselaer St Syracuse, NY"
NY,Syracuse,415 S. Clinton St,"415 S. Clinton St Syracuse, NY"
NY,Syracuse,125 East Water Street,"125 East Water Street Syracuse, NY"
NY,Syracuse,235 Harrison Street,"235 Harrison Street Syracuse, NY"
NY,Syracuse,TBD,"TBD Syracuse, NY"
NY,New Paltz,44 Main St,"44 Main St New Paltz, NY"
NY,New Paltz,3 Paradies Lane,"3 Paradies Lane New Paltz, NY"
NY,Poughkeepsie,485 Main St,"485 Main St Poughkeepsie, NY"
NY,Wappingers Falls,1491 U.S. 9,"1491 U.S. 9 Wappingers Falls, NY"
NY,Poughkeepsie,330 Main St,"330 Main St Poughkeepsie, NY"
NY,Wappingers Falls,2681 W. Main St,"2681 W. Main St Wappingers Falls, NY"
NY,Pleasant Valley,10100 Brookside Rd,"10100 Brookside Rd Pleasant Valley, NY"
NY,Poughkeepsie,3399 North Rd,"3399 North Rd Poughkeepsie, NY"
NY,New York,Google Hangouts,"Google Hangouts New York, NY"
NY,Online,Online,"Online Online, NY"
NY,Bronxville,"101 Pondfield Road West, 2nd Floor","101 Pondfield Road West, 2nd Floor Bronxville, NY"
NJ,Teaneck,687 Larch Ave,"687 Larch Ave Teaneck, NJ"
NY,New York,805 Ft. Washington Ave Margaret Corbin Circle,"805 Ft. Washington Ave Margaret Corbin Circle New York, NY"
NY,Hastings-On-Hudson,8 Main St,"8 Main St Hastings-On-Hudson, NY"
NY,White Plains,252 Bryant Avenue,"252 Bryant Avenue White Plains, NY"
NJ,Hackensack,41 NJ-4,"41 NJ-4 Hackensack, NJ"
NY,Yonkers,Old Croton Aqueduct Trail,"Old Croton Aqueduct Trail Yonkers, NY"
NY,New York,95 Delancey Street (On the corner of Delancey & Ludlow),"95 Delancey Street (On the corner of Delancey & Ludlow) New York, NY"
NY,White Plains,198 Central Avenue,"198 Central Avenue White Plains, NY"
NJ,Paramus,300 Bergen Town Center,"300 Bergen Town Center Paramus, NJ"
NY,NYC,TBA,"TBA NYC, NY"
NY,North White Plains,Fisher Lane,"Fisher Lane North White Plains, NY"
NY,White Plains,350 Main St,"350 Main St White Plains, NY"
NY,Westchester County,Room,"Room Westchester County, NY"
NJ,Maywood,92 West Pleasant Avenue,"92 West Pleasant Avenue Maywood, NJ"
NY,Binghamton,30 Main Street,"30 Main Street Binghamton, NY"
NY,Dobbs Ferry,Dobbs Ferry Train Station,"Dobbs Ferry Train Station Dobbs Ferry, NY"
NY,New York,Google Hangouts,"Google Hangouts New York, NY"
NY,Mount Vernon,2 South Sixth Avenue,"2 South Sixth Avenue Mount Vernon, NY"
NY,New York,Pier 25 Hudson River Greenway,"Pier 25 Hudson River Greenway New York, NY"
NJ,Englewood Cliffs,"https://goo.gl/maps/sp6o3i2mPV8Mpq8K8 Englewood Boat Basin - parking lot near the ""Snack Shack""","https://goo.gl/maps/sp6o3i2mPV8Mpq8K8 Englewood Boat Basin - parking lot near the ""Snack Shack"" Englewood Cliffs, NJ"
NY,New York,New York. ,"New York.  New York, NY"
NY,WHITESTONE,150-11 14th Avenue,"150-11 14th Avenue WHITESTONE, NY"
NY,White Plains,252 Bryant Avenue,"252 Bryant Avenue White Plains, NY"
NY,Yonkers,Old Croton Aqueduct Trail,"Old Croton Aqueduct Trail Yonkers, NY"
NY,White Plains,198 Central Avenue,"198 Central Avenue White Plains, NY"
NY,New York,95 Delancey Street (On the corner of Delancey & Ludlow),"95 Delancey Street (On the corner of Delancey & Ludlow) New York, NY"
NY,North White Plains,Fisher Lane,"Fisher Lane North White Plains, NY"
NY,White Plains,350 Main St,"350 Main St White Plains, NY"
NY,Port Chester,19 Smith Street church is next to parking lot off westchester avenue,"19 Smith Street church is next to parking lot off westchester avenue Port Chester, NY"
NY,White Plains,777 Westchester Ave Ground Floor,"777 Westchester Ave Ground Floor White Plains, NY"
NY,Ballston,Outlet Rd,"Outlet Rd Ballston, NY"
NY,Saratoga Springs,50 Pine Rd,"50 Pine Rd Saratoga Springs, NY"
NY,Malta,2911 State Highway 9,"2911 State Highway 9 Malta, NY"
NY,New York,Google Hangouts,"Google Hangouts New York, NY"
NY,Online,Online,"Online Online, NY"
NY,Bronxville,"101 Pondfield Road West, 2nd Floor","101 Pondfield Road West, 2nd Floor Bronxville, NY"
NY,New York,Morningside Dr,"Morningside Dr New York, NY"
NJ,Englewood Cliffs,"https://goo.gl/maps/sp6o3i2mPV8Mpq8K8 Englewood Boat Basin - parking lot near the ""Snack Shack""","https://goo.gl/maps/sp6o3i2mPV8Mpq8K8 Englewood Boat Basin - parking lot near the ""Snack Shack"" Englewood Cliffs, NJ"
NY,Mount Vernon,2 South Sixth Avenue,"2 South Sixth Avenue Mount Vernon, NY"
NY,New York,Pier 25 Hudson River Greenway,"Pier 25 Hudson River Greenway New York, NY"
NY,New York,Northwest Corner,"Northwest Corner New York, NY"
NY,New York,"132-68 34th Avenue, New York, NY 11354","132-68 34th Avenue, New York, NY 11354 New York, NY"
NY,New York,New York. ,"New York.  New York, NY"
NJ,Teaneck,687 Larch Ave,"687 Larch Ave Teaneck, NJ"
NY,New York,Morningside Dr,"Morningside Dr New York, NY"
NY,"Riverdale, Bronx",5521 Mosholu Avenue ,"5521 Mosholu Avenue  Riverdale, Bronx, NY"
NY,New York,805 Ft. Washington Ave Margaret Corbin Circle,"805 Ft. Washington Ave Margaret Corbin Circle New York, NY"
NY,Hastings-On-Hudson,8 Main St,"8 Main St Hastings-On-Hudson, NY"
NY,New York,158 E. 115th Street,"158 E. 115th Street New York, NY"
NY,WHITESTONE,150-11 14th Avenue,"150-11 14th Avenue WHITESTONE, NY"
NY,New York ,2149 Frederick Douglass Blvd,"2149 Frederick Douglass Blvd New York , NY"
NY,White Plains,252 Bryant Avenue,"252 Bryant Avenue White Plains, NY"
NY,New York,803 181st St @ Fort Washington Avenue,"803 181st St @ Fort Washington Avenue New York, NY"
NY,Larchmont,2444 Boston Post Road,"2444 Boston Post Road Larchmont, NY"
NY,New York,80 Fifth Avenue Suite 1104,"80 Fifth Avenue Suite 1104 New York, NY"
NJ,Teaneck,687 Larch Ave,"687 Larch Ave Teaneck, NJ"
NY,White Plains,82 Prospect St,"82 Prospect St White Plains, NY"
NY,Tappan,32 Old Tappan Rd,"32 Old Tappan Rd Tappan, NY"
NY,Sands Point,127 Middle Neck Rd,"127 Middle Neck Rd Sands Point, NY"
NY,New York,158 E 115th St,"158 E 115th St New York, NY"
NY,Yonkers,Old Croton Aqueduct Trail,"Old Croton Aqueduct Trail Yonkers, NY"
NY,New York,95 Delancey Street (On the corner of Delancey & Ludlow),"95 Delancey Street (On the corner of Delancey & Ludlow) New York, NY"
NY,White Plains,198 Central Avenue,"198 Central Avenue White Plains, NY"
NY,New York,123 W 115th St,"123 W 115th St New York, NY"
NY,NYC,TBA,"TBA NYC, NY"
NY,Schenectady,93 W Campbell Rd,"93 W Campbell Rd Schenectady, NY"
NY,Ballston Lake,9 Burning Bush Blvd,"9 Burning Bush Blvd Ballston Lake, NY"
NY,Schenectady,3437 Carman Road,"3437 Carman Road Schenectady, NY"
NY,Schenectady,2072 Curry Rd,"2072 Curry Rd Schenectady, NY"
NY,Latham,3 Lear Jet Ln,"3 Lear Jet Ln Latham, NY"
NY,Schenectady,811 N Brandywine Ave,"811 N Brandywine Ave Schenectady, NY"
NY,Albany,161 Washington Ave Ext,"161 Washington Ave Ext Albany, NY"
NY,Clifton Park,1668 U.S. 9,"1668 U.S. 9 Clifton Park, NY"
NY,Albany,1510 Central Ave Suite 107,"1510 Central Ave Suite 107 Albany, NY"
NY,Colonie,2 Wall Street,"2 Wall Street Colonie, NY"
NY,Bolton Landing,Lake Shore Dr,"Lake Shore Dr Bolton Landing, NY"
NY,Glens Falls,251 Glen Street,"251 Glen Street Glens Falls, NY"
NY,Elmira,147 W Gray St,"147 W Gray St Elmira, NY"
NY,Islandia, Johnson Avenue," Johnson Avenue Islandia, NY"
NY,West Babylon,356A Sunrise Hwy,"356A Sunrise Hwy West Babylon, NY"
NY,Lindenhurst,131 S Smith St,"131 S Smith St Lindenhurst, NY"
NY,Brentwood,1795 Brentwood Rd ,"1795 Brentwood Rd  Brentwood, NY"
NY,Deer Park,10 Dunton Avenue,"10 Dunton Avenue Deer Park, NY"
NY,Farmingdale,875 Conklin St,"875 Conklin St Farmingdale, NY"
NY,Lake Grove,143 Alexander Avenue,"143 Alexander Avenue Lake Grove, NY"
NY,Stony Brook,380 Nicholls Rd,"380 Nicholls Rd Stony Brook, NY"
NY,Smithtown,944 W Jericho Turnpike,"944 W Jericho Turnpike Smithtown, NY"
NY,Stony Brook,2196 Nesconset Hwy,"2196 Nesconset Hwy Stony Brook, NY"
NY,St James,556 N Country Rd,"556 N Country Rd St James, NY"
NY,Great River,440 Montauk Hwy,"440 Montauk Hwy Great River, NY"
NY,Bay Shore,135 East Main Street,"135 East Main Street Bay Shore, NY"
NY,Smithtown ,"811 West Jericho Turnpike, suite 203-E","811 West Jericho Turnpike, suite 203-E Smithtown , NY"
NY,Lake Ronkonkoma,161 Rose Drive,"161 Rose Drive Lake Ronkonkoma, NY"
NY,Lake Ronkonkoma,161 Rose Drive,"161 Rose Drive Lake Ronkonkoma, NY"
NY,Huntington,1800 E Jericho Turnpike,"1800 E Jericho Turnpike Huntington, NY"
NY,Middletown,"1 Galleria Drive, Middletown, NY","1 Galleria Drive, Middletown, NY Middletown, NY"
NY,Dobbs Ferry,Dobbs Ferry Train Station,"Dobbs Ferry Train Station Dobbs Ferry, NY"
NY,Pleasantville,988 Bedford Rd,"988 Bedford Rd Pleasantville, NY"
NY,Bronxville,"101 Pondfield Road West, 2nd Floor","101 Pondfield Road West, 2nd Floor Bronxville, NY"
NY,Pleasantville,125 Phelps Way (route 117),"125 Phelps Way (route 117) Pleasantville, NY"
NY,Mount Vernon,2 South Sixth Avenue,"2 South Sixth Avenue Mount Vernon, NY"
NY,Hastings-On-Hudson,8 Main St,"8 Main St Hastings-On-Hudson, NY"
NY,White Plains,252 Bryant Avenue,"252 Bryant Avenue White Plains, NY"
CT,Greenwich,Send message to Organizer asking for the address,"Send message to Organizer asking for the address Greenwich, CT"
NY,White Plains,82 Prospect St,"82 Prospect St White Plains, NY"
NY,Larchmont,2444 Boston Post Road,"2444 Boston Post Road Larchmont, NY"
NY,Tappan,32 Old Tappan Rd,"32 Old Tappan Rd Tappan, NY"
CT,Greenwich,259 east Putnam avenue,"259 east Putnam avenue Greenwich, CT"
NY,Nyack,39 Hudson Ave,"39 Hudson Ave Nyack, NY"
NY,Nyack,142 Main Street (corner of Franklin and Main - the entrance is off the rear parking lot),"142 Main Street (corner of Franklin and Main - the entrance is off the rear parking lot) Nyack, NY"
NY,Ithaca,748 S Meadow St,"748 S Meadow St Ithaca, NY"
NY,Saugerties,80 Patch Rd,"80 Patch Rd Saugerties, NY"
NY,Kingston,55 Franklin St,"55 Franklin St Kingston, NY"
NY,Kingston,65 St James St,"65 St James St Kingston, NY"
PA,Philadelphia,4800 Grant Ave,"4800 Grant Ave Philadelphia, PA"
NJ,Palmyra, Route 73 North," Route 73 North Palmyra, NJ"
PA,Philadelphia,9389 Krewstown Rd.,"9389 Krewstown Rd. Philadelphia, PA"
NJ,Willingboro,429 John F Kennedy Way,"429 John F Kennedy Way Willingboro, NJ"
PA,Morrisville,Cardinal Dr,"Cardinal Dr Morrisville, PA"
PA,Bucks County,"400 N Oxford Valley Rd, Langhorne, PA 19047","400 N Oxford Valley Rd, Langhorne, PA 19047 Bucks County, PA"
PA,Langhorne,301 E. Maple Ave,"301 E. Maple Ave Langhorne, PA"
PA,Horsham,413 Avenue E,"413 Avenue E Horsham, PA"
PA,Horsham,457 Easton rd,"457 Easton rd Horsham, PA"
PA,Newtown,126 N. State St.,"126 N. State St. Newtown, PA"
PA,Philadelphia,6901 Castor ave,"6901 Castor ave Philadelphia, PA"
PA,Bristol,4010 New Falls Rd,"4010 New Falls Rd Bristol, PA"
NJ,Pennsauken Township,1585 NJ-73,"1585 NJ-73 Pennsauken Township, NJ"
PA,"Huntingdon Valley, Pa 19006",1902 County Line Rd,"1902 County Line Rd Huntingdon Valley, Pa 19006, PA"
PA,Richboro,990 2nd Street Pike,"990 2nd Street Pike Richboro, PA"
PA,Bensalem,2495 Street Rd,"2495 Street Rd Bensalem, PA"
PA,Glenside,501 Easton Rd,"501 Easton Rd Glenside, PA"
PA,Langhorne,1262 Wood Lane  Ste 106/107,"1262 Wood Lane  Ste 106/107 Langhorne, PA"
PA,Philadelphia,Zoom,"Zoom Philadelphia, PA"
PA,Philadelphia,Zoom,"Zoom Philadelphia, PA"
PA,Philadelphia,https://zoom.us/j/3820324647,"https://zoom.us/j/3820324647 Philadelphia, PA"
PA,Philadelphia,https://zoom.us/j/3820324647,"https://zoom.us/j/3820324647 Philadelphia, PA"
PA,Pittsburgh,2141 Mary St,"2141 Mary St Pittsburgh, PA"
PA,Pittsburgh,Eliza Furnace Trail,"Eliza Furnace Trail Pittsburgh, PA"
PA,Pittsburgh,1500 Washington Rd,"1500 Washington Rd Pittsburgh, PA"
PA,Pittsburgh,3101 Brereton St,"3101 Brereton St Pittsburgh, PA"
PA,Pittsburgh,5401 Centre Avenue,"5401 Centre Avenue Pittsburgh, PA"
PA,Pittsburgh,7604 Charleston Ave,"7604 Charleston Ave Pittsburgh, PA"
PA,Pittsburgh,1435 Grandview Ave,"1435 Grandview Ave Pittsburgh, PA"
PA,Verona,331 Penn St,"331 Penn St Verona, PA"
PA,Pittsburgh,4909 Penn Ave. ,"4909 Penn Ave.  Pittsburgh, PA"
PA,Pittsburgh,4100 Library Rd #1,"4100 Library Rd #1 Pittsburgh, PA"
PA,Pittsburgh,425 Cinema Drive,"425 Cinema Drive Pittsburgh, PA"
PA,Munhall,510 E 10th Ave,"510 E 10th Ave Munhall, PA"
PA,Munhall,510 E 10th Ave,"510 E 10th Ave Munhall, PA"
PA,Pittsburgh,400 Cedar Avenue ,"400 Cedar Avenue  Pittsburgh, PA"
PA,North Versailles,356 Lincoln Highway,"356 Lincoln Highway North Versailles, PA"
PA,Hellertown,824 Main Street,"824 Main Street Hellertown, PA"
PA,Whitehall,3679 Eberhart Rd,"3679 Eberhart Rd Whitehall, PA"
PA,Catasauqua,840 Walnut St,"840 Walnut St Catasauqua, PA"
PA,Whitehall,1401 Lehnert Rd,"1401 Lehnert Rd Whitehall, PA"
PA,Allentown,1801 South 12th Street,"1801 South 12th Street Allentown, PA"
PA,Allentown,2835 Lehigh St,"2835 Lehigh St Allentown, PA"
PA,Hellertown,735 Delaware Avenue,"735 Delaware Avenue Hellertown, PA"
PA,Harrisburg,2300 Linglestown Rd,"2300 Linglestown Rd Harrisburg, PA"
PA,Harrisburg,3943 Tecport Drive,"3943 Tecport Drive Harrisburg, PA"
PA,Harrisburg,1836 Green Street,"1836 Green Street Harrisburg, PA"
PA,Camp Hill,3301 East Trindle Road,"3301 East Trindle Road Camp Hill, PA"
PA,Leola,23 E Main St,"23 E Main St Leola, PA"
PA,Lancaster,123 Some St,"123 Some St Lancaster, PA"
PA,Lancaster,850 Olde Hickory Road,"850 Olde Hickory Road Lancaster, PA"
PA,Lancaster,9 W Grant St,"9 W Grant St Lancaster, PA"
PA,Pennsylvania,123 Website Street,"123 Website Street Pennsylvania, PA"
PA,West Pittston,313 Wyoming Ave,"313 Wyoming Ave West Pittston, PA"
PA,Wyomissing,1287 Penn Ave,"1287 Penn Ave Wyomissing, PA"
PA,Wyomissing,1714 State Hill Rd,"1714 State Hill Rd Wyomissing, PA"
PA,York,123 at home avenue,"123 at home avenue York, PA"
PA,York,2252 Industrial Hwy,"2252 Industrial Hwy York, PA"
PA,York,2000 Loucks Rd,"2000 Loucks Rd York, PA"
PA,Erie,1109 State St,"1109 State St Erie, PA"
PA,Douglassville,1028 Shed Rd,"1028 Shed Rd Douglassville, PA"
PA,Phoenixville,203 High Street,"203 High Street Phoenixville, PA"
PA,Spring City,"20 E. Bridge Street, Suite 103","20 E. Bridge Street, Suite 103 Spring City, PA"
PA,Boyertown ,124 N Chestnut ,"124 N Chestnut  Boyertown , PA"
PA,Pottstown,227 E High St,"227 E High St Pottstown, PA"
PA,Limerick,411 W Ridge Pike,"411 W Ridge Pike Limerick, PA"
PA,Spring City,"20 E. Bridge Street, Suite 103","20 E. Bridge Street, Suite 103 Spring City, PA"
PA,Douglassville,1211 Benjamin Franklin Hwy,"1211 Benjamin Franklin Hwy Douglassville, PA"
PA,Stowe,675 Constitution Ave,"675 Constitution Ave Stowe, PA"
PA,Pottstown,https://zoom.us/j/3820324647,"https://zoom.us/j/3820324647 Pottstown, PA"
PA,Phoenixville,468 Nutt Rd,"468 Nutt Rd Phoenixville, PA"
PA,State College,"State College, PA","State College, PA State College, PA"
PA,Stevens,100 Museum Rd,"100 Museum Rd Stevens, PA"
PA,Stevens,100 Museum Rd,"100 Museum Rd Stevens, PA"
PA,Lebanon,1349 Cumberland St,"1349 Cumberland St Lebanon, PA"
PA,Hellertown,824 Main Street,"824 Main Street Hellertown, PA"
PA,Whitehall,3679 Eberhart Rd,"3679 Eberhart Rd Whitehall, PA"
PA,Allentown,1801 South 12th Street,"1801 South 12th Street Allentown, PA"
PA,Allentown,2835 Lehigh St,"2835 Lehigh St Allentown, PA"
PA,Hellertown,735 Delaware Avenue,"735 Delaware Avenue Hellertown, PA"
PA,Hanover,979 York St,"979 York St Hanover, PA"
PA,johnstown ,564 Central Ave,"564 Central Ave johnstown , PA"
PA,Johnstown,116 Market Street,"116 Market Street Johnstown, PA"
NJ,Hardwick,I-80,"I-80 Hardwick, NJ"
PA,Stroudsburg,1232 Totts Gap Hill Rd,"1232 Totts Gap Hill Rd Stroudsburg, PA"
NJ,Hardwick Township,Kittatinnies Region,"Kittatinnies Region Hardwick Township, NJ"
PA,East Stroudsburg,401 Hollow Rd,"401 Hollow Rd East Stroudsburg, PA"
PA,Stroudsburg,622 Main St,"622 Main St Stroudsburg, PA"
PA,Stroudsburg,344 Stroud Mall Rd,"344 Stroud Mall Rd Stroudsburg, PA"
PA,Pennsylvania,Now,"Now Pennsylvania, PA"
NJ,Bordentown,2401 Axe Factory Rd,"2401 Axe Factory Rd Bordentown, NJ"
NJ,Chesterfield ,410 Ellisdale Road,"410 Ellisdale Road Chesterfield , NJ"
PA,Morrisville,Cardinal Dr,"Cardinal Dr Morrisville, PA"
NJ,Hamilton Township,477 Jeremiah Ave,"477 Jeremiah Ave Hamilton Township, NJ"
PA,Yardley,56 South Main Street,"56 South Main Street Yardley, PA"
NJ,Trenton,50 Riverview Plaza,"50 Riverview Plaza Trenton, NJ"
PA,Levittown ,4354 New Falls Road,"4354 New Falls Road Levittown , PA"
NJ,Hamilton,"731 Highway 33, Suite 3","731 Highway 33, Suite 3 Hamilton, NJ"
NJ,Bordentown,18 E. Union Street ,"18 E. Union Street  Bordentown, NJ"
PA,Bensalem,2780 Bristol Pike,"2780 Bristol Pike Bensalem, PA"
PA,Newtown,126 N. State St.,"126 N. State St. Newtown, PA"
NJ,Hamilton Township,80 Sculptors Way,"80 Sculptors Way Hamilton Township, NJ"
PA,Bristol,4010 New Falls Rd,"4010 New Falls Rd Bristol, PA"
PA,Morrisville,26 Delaware Rim Dr,"26 Delaware Rim Dr Morrisville, PA"
PA,Fairless Hills,980 Trenton Rd,"980 Trenton Rd Fairless Hills, PA"
PA,Yardley,82 East Afton Avenue,"82 East Afton Avenue Yardley, PA"
PA,Langhorne,1262 Wood Lane  Ste 106/107,"1262 Wood Lane  Ste 106/107 Langhorne, PA"
NJ,Trenton,"354 S Broad St,","354 S Broad St, Trenton, NJ"
PA,Yardley,82 E Afton Ave,"82 E Afton Ave Yardley, PA"
PA,Kingston,500 3rd Avenue,"500 3rd Avenue Kingston, PA"
PA,West Pittston,313 Wyoming Ave,"313 Wyoming Ave West Pittston, PA"
