event_state,event_city,event_street,full_address
NJ,Titusville,355 Washington Crossing Pennington Rd.,"355 Washington Crossing Pennington Rd.,Titusville,NJ"
NJ,Chesterfield ,410 Ellisdale Road,"410 Ellisdale Road,Chesterfield ,NJ"
NJ,Lawrence Township,4 Princess Rd,"4 Princess Rd,Lawrence Township,NJ"
NJ,Lawrence Township,4 Princess Rd,"4 Princess Rd,Lawrence Township,NJ"
PA,Newtown,25 N. Chancellor St. ,"25 N. Chancellor St. ,Newtown,PA"
NJ,Skillman,"88 Orchard Road, Princeton Area","88 Orchard Road, Princeton Area,Skillman,NJ"
NJ,Skillman,"88 Orchard Road, Princeton Area","88 Orchard Road, Princeton Area,Skillman,NJ"
PA,Morrisville,Cardinal Dr,"Cardinal Dr,Morrisville,PA"
PA,Yardley,1305 Big Oak Rd,"1305 Big Oak Rd,Yardley,PA"
PA,Yardley,56 South Main Street,"56 South Main Street,Yardley,PA"
NJ,Robbinsville Twp,N Commerce Square,"N Commerce Square,Robbinsville Twp,NJ"
NJ,hamilton,hamilton nj,"hamilton nj,hamilton,NJ"
NJ,Lawrence Township,Lib - 2751 Brunswick Pike at Darrah Ln Church - Rt 206 at Meadowbrook Ave,"Lib - 2751 Brunswick Pike at Darrah Ln Church - Rt 206 at Meadowbrook Ave,Lawrence Township,NJ"
PA,Bucks County,"400 N Oxford Valley Rd, Langhorne, PA 19047","400 N Oxford Valley Rd, Langhorne, PA 19047,Bucks County,PA"
NJ,Lawrenceville,2751 Brunswick Pike,"2751 Brunswick Pike,Lawrenceville,NJ"
PA,Newtown,3 West Road,"3 West Road,Newtown,PA"
PA,Langhorne,301 E. Maple Ave,"301 E. Maple Ave,Langhorne,PA"
PA,Levittown,7311 New Falls Rd,"7311 New Falls Rd,Levittown,PA"
PA,Levittown ,4354 New Falls Road,"4354 New Falls Road,Levittown ,PA"
NJ,Bordentown,18 E. Union Street ,"18 E. Union Street ,Bordentown,NJ"
PA,Newtown,126 N. State St.,"126 N. State St.,Newtown,PA"
NJ,Hamilton Township,80 Sculptors Way,"80 Sculptors Way,Hamilton Township,NJ"
NJ,Princeton,500 Mercer St ,"500 Mercer St ,Princeton,NJ"
PA,Bristol,4010 New Falls Rd,"4010 New Falls Rd,Bristol,PA"
PA,Morrisville,26 Delaware Rim Dr,"26 Delaware Rim Dr,Morrisville,PA"
PA,Fairless Hills,980 Trenton Rd,"980 Trenton Rd,Fairless Hills,PA"
NJ,Lawrence Township,2000 Lenox Drive ,"2000 Lenox Drive ,Lawrence Township,NJ"
PA,Yardley,82 East Afton Avenue,"82 East Afton Avenue,Yardley,PA"
PA,Langhorne,108 Corporate Dr,"108 Corporate Dr,Langhorne,PA"
PA,Langhorne,1262 Wood Lane  Ste 106/107,"1262 Wood Lane  Ste 106/107,Langhorne,PA"
PA,Yardley,82 E Afton Ave,"82 E Afton Ave,Yardley,PA"
NJ,Hoboken,901 Park Ave,"901 Park Ave,Hoboken,NJ"
NJ,Hoboken,901 Park Ave,"901 Park Ave,Hoboken,NJ"
NY,New York,55 Church St,"55 Church St,New York,NY"
NJ,Newark,14 Rector Street,"14 Rector Street,Newark,NJ"
NY,New York,  569 Hudson St,"  569 Hudson St,New York,NY"
NY,New York,Your Guide will meet you when you get out from the train at Poughkeepsie,"Your Guide will meet you when you get out from the train at Poughkeepsie,New York,NY"
NY,New York,27 W 24th St Suite 800B,"27 W 24th St Suite 800B,New York,NY"
NY,New York,Broadway Entrance at 34th/35th,"Broadway Entrance at 34th/35th,New York,NY"
NJ,West Orange,Crest Dr,"Crest Dr,West Orange,NJ"
NJ,Jersey City,107 Morgan St,"107 Morgan St,Jersey City,NJ"
NJ,Bayonne,1075 Broadway,"1075 Broadway,Bayonne,NJ"
NJ,West Orange,253 Main St,"253 Main St,West Orange,NJ"
NJ,West Orange,253 Main St,"253 Main St,West Orange,NJ"
NY,New York,742 10th Ave (between 50 and 51 Sts.,"742 10th Ave (between 50 and 51 Sts.,New York,NY"
NJ,Maplewood,64 Cherry Ln,"64 Cherry Ln,Maplewood,NJ"
NJ,Lyndhurst,"420 Valley Brook Avenue, Lyndhurst 07071","420 Valley Brook Avenue, Lyndhurst 07071,Lyndhurst,NJ"
NJ,Montclair,127 Valley Road,"127 Valley Road,Montclair,NJ"
NJ,Vauxhall,2933 Vauxhall Road,"2933 Vauxhall Road,Vauxhall,NJ"
NY,New York,191 Canal St,"191 Canal St,New York,NY"
NY,New York,..,"..,New York,NY"
NY,New York,150 W 28th St suite 1101 b,"150 W 28th St suite 1101 b,New York,NY"
NY,New York,150W W 28th St,"150W W 28th St,New York,NY"
NY,New York,10 South William St,"10 South William St,New York,NY"
NY,New York,link in description of event,"link in description of event,New York,NY"
NY,New York,51 W 14th St #3r,"51 W 14th St #3r,New York,NY"
NJ,Columbia,89 Mount Pleasant Road,"89 Mount Pleasant Road,Columbia,NJ"
NJ,Secaucus,151 Front St,"151 Front St,Secaucus,NJ"
NY,New York,626 10th Ave,"626 10th Ave,New York,NY"
NY,New York,See Description Box for,"See Description Box for,New York,NY"
NY,New York,26 1st Avenue,"26 1st Avenue,New York,NY"
NY,New York,Web-Based Remote Event,"Web-Based Remote Event,New York,NY"
NY,New York,275 Greenwich Street,"275 Greenwich Street,New York,NY"
NY,New York,119 MacDougal Street,"119 MacDougal Street,New York,NY"
NY,New York,89 7th Ave,"89 7th Ave,New York,NY"
NY,New York,38 West 32nd Street,"38 West 32nd Street,New York,NY"
NY,New York,Web-Based Remote Event,"Web-Based Remote Event,New York,NY"
NY,New York,247 W 37th St,"247 W 37th St,New York,NY"
NY,New York,38 W 32nd St. #1212,"38 W 32nd St. #1212,New York,NY"
NY,New York,422 W 57th St (entrance to the right of Trinity Church),"422 W 57th St (entrance to the right of Trinity Church),New York,NY"
NJ,Jersey City,143 Christopher Columbus Dr,"143 Christopher Columbus Dr,Jersey City,NJ"
NJ,Caldwell,326 Bloomfield Ave,"326 Bloomfield Ave,Caldwell,NJ"
NY,New York,111 East 33rd St.,"111 East 33rd St.,New York,NY"
NY,New York,484 W 43rd St,"484 W 43rd St,New York,NY"
NJ,Clifton,709 Van Houten Ave,"709 Van Houten Ave,Clifton,NJ"
NY,Brooklyn,320 West 37th Street,"320 West 37th Street,Brooklyn,NY"
NY,New York,Cyberspace,"Cyberspace,New York,NY"
NY,New York,1095 Sixth Ave ,"1095 Sixth Ave ,New York,NY"
NY,New York,New York,"New York,New York,NY"
NY,New York,627 9th Avenue,"627 9th Avenue,New York,NY"
NY,New York,627 9th Ave,"627 9th Ave,New York,NY"
NJ,Maplewood,600 Ridgewood Rd,"600 Ridgewood Rd,Maplewood,NJ"
NY,New York,Virtual Online Meeting,"Virtual Online Meeting,New York,NY"
NY,Manhattan,425 Avenue of the Americas (Sixth Avenue and 10th Street,"425 Avenue of the Americas (Sixth Avenue and 10th Street,Manhattan,NY"
NY,New York,250 Greenwich St Floor 46,"250 Greenwich St Floor 46,New York,NY"
NJ,Maplewood,1970 Springfield Ave,"1970 Springfield Ave,Maplewood,NJ"
NJ,North Bergen,3167 John F. Kennedy Blvd,"3167 John F. Kennedy Blvd,North Bergen,NJ"
NJ,Maplewood,1970 Springfield Ave,"1970 Springfield Ave,Maplewood,NJ"
NJ,Bayonne,184 Broadway,"184 Broadway,Bayonne,NJ"
NY,Manhattan,Manhattan,"Manhattan,Manhattan,NY"
NY,New York,115 W 45th St,"115 W 45th St,New York,NY"
NY,New York,119 Chambers St,"119 Chambers St,New York,NY"
NY,New York,11 East 33rd Street,"11 East 33rd Street,New York,NY"
NJ,Jersey City,29 McWilliams Pl.,"29 McWilliams Pl.,Jersey City,NJ"
NE,New York,"177 Prince St, New York, NY 10012","177 Prince St, New York, NY 10012,New York,NE"
NJ,Nutley,7 High St,"7 High St,Nutley,NJ"
NJ,Jersey City,"189 Brunswick St, 3rd Floor","189 Brunswick St, 3rd Floor,Jersey City,NJ"
NY,New York,265 W 37th St,"265 W 37th St,New York,NY"
NJ,Hoboken,300 Observer Hwy,"300 Observer Hwy,Hoboken,NJ"
NY,New York,500 8th ave 3rd fl,"500 8th ave 3rd fl,New York,NY"
NY,New York,520 8th Ave 16th Fl 10018,"520 8th Ave 16th Fl 10018,New York,NY"
NY,New York,109 E 9th St,"109 E 9th St,New York,NY"
NJ,Bayonne,185 John F. Kennedy Blvd,"185 John F. Kennedy Blvd,Bayonne,NJ"
NJ,Union,1023 Stuyvesant Ave,"1023 Stuyvesant Ave,Union,NJ"
NY,New York,Internet,"Internet,New York,NY"
NJ,Hoboken,1012 Grand St,"1012 Grand St,Hoboken,NJ"
NY,New York,Hudson River Greenway,"Hudson River Greenway,New York,NY"
NY,New York ,558 Broadway Avenue,"558 Broadway Avenue,New York ,NY"
NY,New York,Online,"Online,New York,NY"
NY,New York,38 Park Row #4,"38 Park Row #4,New York,NY"
NY,New York,44 W 17th St,"44 W 17th St,New York,NY"
NY,New York,350 W 50th St,"350 W 50th St,New York,NY"
NY,New York,405 W 44th St,"405 W 44th St,New York,NY"
NY,New York,116 10th Ave,"116 10th Ave,New York,NY"
NY,New York,77 E 7th St,"77 E 7th St,New York,NY"
NY,New York,500 8th ave 3rd fl,"500 8th ave 3rd fl,New York,NY"
NY,New York,389 8th Ave,"389 8th Ave,New York,NY"
NY,New York,161 ludlow,"161 ludlow,New York,NY"
NY,New York,330 W 40th St,"330 W 40th St,New York,NY"
NJ,Newark,972 Broad Street Newark,"972 Broad Street Newark,Newark,NJ"
NJ,Union,900 Green Lane,"900 Green Lane,Union,NJ"
NJ,Newark,183 So Orange Avenue,"183 So Orange Avenue,Newark,NJ"
NJ,Hoboken,50 Harrison St,"50 Harrison St,Hoboken,NJ"
NJ,Union,900 Green Ln,"900 Green Ln,Union,NJ"
NY,New York,A link will be emailed once you RSVP,"A link will be emailed once you RSVP,New York,NY"
NY,New York City,Zoom,"Zoom,New York City,NY"
NY,New York,ONLINE LINK will be emailed after RSVP,"ONLINE LINK will be emailed after RSVP,New York,NY"
NY,New York,75 Christopher St (at 7th Ave),"75 Christopher St (at 7th Ave),New York,NY"
NJ,Hoboken,259 14th St,"259 14th St,Hoboken,NJ"
NY,New York,ONLINE LINK will be emailed after RSVP,"ONLINE LINK will be emailed after RSVP,New York,NY"
NJ,Weehawken,"Lincoln Harbor, Pier D-T","Lincoln Harbor, Pier D-T,Weehawken,NJ"
NY,New York,1407 Broadway,"1407 Broadway,New York,NY"
NY,New York,ONLINE LINK will be emailed after RSVP,"ONLINE LINK will be emailed after RSVP,New York,NY"
NY,New York,120 Walker St,"120 Walker St,New York,NY"
NY,New York,Your Home/Office Location,"Your Home/Office Location,New York,NY"
NY,New York ,ONLINE,"ONLINE,New York ,NY"
NY,New York,55 Church St,"55 Church St,New York,NY"
NJ,Hoboken,901 Park Ave,"901 Park Ave,Hoboken,NJ"
NY,New York,  569 Hudson St,"  569 Hudson St,New York,NY"
NJ,Hoboken,901 Park Ave,"901 Park Ave,Hoboken,NJ"
NY,New York,27 W 24th St Suite 800B,"27 W 24th St Suite 800B,New York,NY"
NY,New York,Your Guide will meet you when you get out from the train at Poughkeepsie,"Your Guide will meet you when you get out from the train at Poughkeepsie,New York,NY"
NY,New York,90 West 42nd Street (Across from Grand Central),"90 West 42nd Street (Across from Grand Central),New York,NY"
NJ,Newark,14 Rector Street,"14 Rector Street,Newark,NJ"
NY,Brooklyn,1 Oak St,"1 Oak St,Brooklyn,NY"
NJ,Lodi,460 Passaic Avenue,"460 Passaic Avenue,Lodi,NJ"
NY,Staten Island,Silver Lake Park Road/Corner of Forest Avenue,"Silver Lake Park Road/Corner of Forest Avenue,Staten Island,NY"
NJ,Lodi,460 Passaic Avenue,"460 Passaic Avenue,Lodi,NJ"
NY,New York,Online,"Online,New York,NY"
NY,New York,185 Madison Ave Floor 3,"185 Madison Ave Floor 3,New York,NY"
NY,New York,Online Webinar - See Below for Registration Details,"Online Webinar - See Below for Registration Details,New York,NY"
NY,New York,Remote,"Remote,New York,NY"
NY,New York,Online,"Online,New York,NY"
NY,New York,Online,"Online,New York,NY"
NY,New York,18 Bleecker Street,"18 Bleecker Street,New York,NY"
NY,New York,Online,"Online,New York,NY"
NY,New York,Online,"Online,New York,NY"
NY,New York,470 Park Ave South,"470 Park Ave South,New York,NY"
NY,New York,"350 West Broadway, NY 10013","350 West Broadway, NY 10013,New York,NY"
NY,New York,519 8th Avenue 2nd floor,"519 8th Avenue 2nd floor,New York,NY"
NY,New York,Online,"Online,New York,NY"
NY,New York,185 Madison Ave,"185 Madison Ave,New York,NY"
NY,New York,115 W 30th Street 5th floor,"115 W 30th Street 5th floor,New York,NY"
NY,New York,Online,"Online,New York,NY"
NY,New York,224 West 4th street Second Floor,"224 West 4th street Second Floor,New York,NY"
NY,New York,"137 West 14th Street, 2nd Floor","137 West 14th Street, 2nd Floor,New York,NY"
NY,New York,845 3rd Avenue #6th Floor,"845 3rd Avenue #6th Floor,New York,NY"
NJ,Jersey City,107 Morgan St,"107 Morgan St,Jersey City,NJ"
NJ,Bayonne,1075 Broadway,"1075 Broadway,Bayonne,NJ"
NY,Brooklyn,695 5th Ave,"695 5th Ave,Brooklyn,NY"
NY,New York,742 10th Ave (between 50 and 51 Sts.,"742 10th Ave (between 50 and 51 Sts.,New York,NY"
NJ,West Orange,253 Main St,"253 Main St,West Orange,NJ"
NJ,West Orange,253 Main St,"253 Main St,West Orange,NJ"
NJ,Jersey City,870 Montgomery St,"870 Montgomery St,Jersey City,NJ"
NY,New York," Terrace Dr. New York, NY 10024"," Terrace Dr. New York, NY 10024,New York,NY"
NY,New York,Washington Square,"Washington Square,New York,NY"
NY,New York,Amsterdam Ave,"Amsterdam Ave,New York,NY"
NY,New York,281 Main Street,"281 Main Street,New York,NY"
NY,Brooklyn,776 Lorimer St,"776 Lorimer St,Brooklyn,NY"
NY,Brooklyn,776 Lorimer St.,"776 Lorimer St.,Brooklyn,NY"
NY,Brooklyn,776 Lorimer St,"776 Lorimer St,Brooklyn,NY"
NY,Long Island City,50th Ave,"50th Ave,Long Island City,NY"
NY,New York,86th St Transverse,"86th St Transverse,New York,NY"
NY,New York,103rd Street and Riverside Dr.,"103rd Street and Riverside Dr.,New York,NY"
NY,BRooklyn,275 S2nd St ,"275 S2nd St ,BRooklyn,NY"
NY,New York,2 East 90th Street,"2 East 90th Street,New York,NY"
NY,Long Island City,21st and 45th road,"21st and 45th road,Long Island City,NY"
NY,New York,10 Columbus Cir,"10 Columbus Cir,New York,NY"
NY,New York,10 South William St,"10 South William St,New York,NY"
NY,New York,link in description of event,"link in description of event,New York,NY"
NJ,Teaneck,687 Larch Ave,"687 Larch Ave,Teaneck,NJ"
NY,New York,1000 5th Avenue,"1000 5th Avenue,New York,NY"
NY,New York,51 W 14th St #3r,"51 W 14th St #3r,New York,NY"
NY,New York,626 10th Ave,"626 10th Ave,New York,NY"
NY,New York,105th and Broadway ,"105th and Broadway ,New York,NY"
NY,New York,257 W 88th St,"257 W 88th St,New York,NY"
NY,Brooklyn,620 Manhattan Ave,"620 Manhattan Ave,Brooklyn,NY"
NJ,Secaucus,151 Front St,"151 Front St,Secaucus,NJ"
NY,Brooklyn,471 5th Ave,"471 5th Ave,Brooklyn,NY"
NJ,Columbia,89 Mount Pleasant Road,"89 Mount Pleasant Road,Columbia,NJ"
NY,Brooklyn,816 Beverley Road,"816 Beverley Road,Brooklyn,NY"
NY,New York,See Description Box for,"See Description Box for,New York,NY"
NY,Astoria,3801 35th Ave,"3801 35th Ave,Astoria,NY"
NY,New York,61 W 62nd St,"61 W 62nd St,New York,NY"
NY,New York,Web-Based Remote Event,"Web-Based Remote Event,New York,NY"
NY,New York,79th St.,"79th St.,New York,NY"
NY,New York,754 5th Ave,"754 5th Ave,New York,NY"
NY,New York,119 MacDougal Street,"119 MacDougal Street,New York,NY"
NY,New York,275 Greenwich Street,"275 Greenwich Street,New York,NY"
NY,New York,1890 Broadway,"1890 Broadway,New York,NY"
NY,New York,E 71st St,"E 71st St,New York,NY"
NY,New York,38 West 32nd Street,"38 West 32nd Street,New York,NY"
NY,New York,422 W 57th St (entrance to the right of Trinity Church),"422 W 57th St (entrance to the right of Trinity Church),New York,NY"
NY,New York,38 W 32nd St. #1212,"38 W 32nd St. #1212,New York,NY"
NY,New York,247 W 37th St,"247 W 37th St,New York,NY"
NY,New York,Web-Based Remote Event,"Web-Based Remote Event,New York,NY"
NY,New York,111 East 33rd St.,"111 East 33rd St.,New York,NY"
NY,Brooklyn,"147 Prince Street, 4th Floor","147 Prince Street, 4th Floor,Brooklyn,NY"
NY,Brooklyn,769 Washington Avenue,"769 Washington Avenue,Brooklyn,NY"
NJ,Jersey City,143 Christopher Columbus Dr,"143 Christopher Columbus Dr,Jersey City,NJ"
NY,New York,158 E. 115th Street,"158 E. 115th Street,New York,NY"
NY,Brooklyn,243 78th St,"243 78th St,Brooklyn,NY"
NY,New York,484 W 43rd St,"484 W 43rd St,New York,NY"
NY,Brooklyn,227 Utica Avenue,"227 Utica Avenue,Brooklyn,NY"
NJ,Clifton,709 Van Houten Ave,"709 Van Houten Ave,Clifton,NJ"
NY,Brooklyn,320 West 37th Street,"320 West 37th Street,Brooklyn,NY"
NY,New York,1095 Sixth Ave ,"1095 Sixth Ave ,New York,NY"
NY,New York,Cyberspace,"Cyberspace,New York,NY"
NY,New York,Morningside Dr,"Morningside Dr,New York,NY"
NY,Brooklyn,76 4th Ave (between Bergen and St. Marks),"76 4th Ave (between Bergen and St. Marks),Brooklyn,NY"
NY,New York,627 9th Avenue,"627 9th Avenue,New York,NY"
NY,New York,New York,"New York,New York,NY"
NY,New York,939 Lexington Avenue (between E. 68th & E. 69th Streets),"939 Lexington Avenue (between E. 68th & E. 69th Streets),New York,NY"
NY,New York,Virtual Online Meeting,"Virtual Online Meeting,New York,NY"
NY,Manhattan,425 Avenue of the Americas (Sixth Avenue and 10th Street,"425 Avenue of the Americas (Sixth Avenue and 10th Street,Manhattan,NY"
NY,New York,250 Greenwich St Floor 46,"250 Greenwich St Floor 46,New York,NY"
NY,New York,247 West 36th Street 6th Floor,"247 West 36th Street 6th Floor,New York,NY"
NY,New York,2061 Broadway (71st - 72nd Street),"2061 Broadway (71st - 72nd Street),New York,NY"
NY,New York,"275 7th Ave (at 26th st) New York, NY","275 7th Ave (at 26th st) New York, NY,New York,NY"
NJ,UNION CITY,507 43RD TS. 7th floor,"507 43RD TS. 7th floor,UNION CITY,NJ"
NY,New York,79 Franklin St,"79 Franklin St,New York,NY"
NY,New York,"55 East 52nd Street, New York, NY","55 East 52nd Street, New York, NY,New York,NY"
NY,New York,151 West 30th Street  3rd Floor (6-7th Aves) ,"151 West 30th Street  3rd Floor (6-7th Aves) ,New York,NY"
NY,New York,Address provided w/RSVP confirmation,"Address provided w/RSVP confirmation,New York,NY"
NY,Brooklyn,3rd Ave,"3rd Ave,Brooklyn,NY"
NY,New York,347 E 72nd St,"347 E 72nd St,New York,NY"
NY,Brooklyn,305 Schermerhorn St,"305 Schermerhorn St,Brooklyn,NY"
NY,New York,191 Canal St,"191 Canal St,New York,NY"
NY,New York,"56 West 45th Street, Suite 1703","56 West 45th Street, Suite 1703,New York,NY"
NY,Brooklyn,1875 Atlantic Avenue,"1875 Atlantic Avenue,Brooklyn,NY"
NY,New York,599 Broadway,"599 Broadway,New York,NY"
NY,New York,1551 3rd Ave,"1551 3rd Ave,New York,NY"
NJ,Fairview,394 Walker St,"394 Walker St,Fairview,NJ"
NY,New York,1678 3rd Ave,"1678 3rd Ave,New York,NY"
NY,New York,11 W 53rd St,"11 W 53rd St,New York,NY"
NE,New York,"177 Prince St, New York, NY 10012","177 Prince St, New York, NY 10012,New York,NE"
NJ,Jersey City,29 McWilliams Pl.,"29 McWilliams Pl.,Jersey City,NJ"
NY,Brooklyn,Prospect Park,"Prospect Park,Brooklyn,NY"
NY,Brooklyn,640 Classon Avenue,"640 Classon Avenue,Brooklyn,NY"
NE,Brooklyn,"Old Stone House, 336 3rd St, Brooklyn, NY 11215","Old Stone House, 336 3rd St, Brooklyn, NY 11215,Brooklyn,NE"
NY,New York ,1085 5th Avenue ,"1085 5th Avenue ,New York ,NY"
NY,Brooklyn,273 13th Street,"273 13th Street,Brooklyn,NY"
NY,New York,"920 3rd ave, 5th Floor","920 3rd ave, 5th Floor,New York,NY"
NY,New York,265 W 37th St,"265 W 37th St,New York,NY"
NY,New York,500 8th ave 3rd fl,"500 8th ave 3rd fl,New York,NY"
NY,New York ,1601 Broadway 11th floor ,"1601 Broadway 11th floor ,New York ,NY"
NJ,Edgewater,986 River Road,"986 River Road,Edgewater,NJ"
NJ,Jersey City,"189 Brunswick St, 3rd Floor","189 Brunswick St, 3rd Floor,Jersey City,NJ"
NJ,Nutley,7 High St,"7 High St,Nutley,NJ"
NJ,Hoboken,300 Observer Hwy,"300 Observer Hwy,Hoboken,NJ"
NY,Brooklyn,1368 Fulton St,"1368 Fulton St,Brooklyn,NY"
NY,New York,1678 3rd Ave,"1678 3rd Ave,New York,NY"
NY,New York,Central Park,"Central Park,New York,NY"
NJ,Bayonne,185 John F. Kennedy Blvd,"185 John F. Kennedy Blvd,Bayonne,NJ"
NY,New York,158 E 115th St,"158 E 115th St,New York,NY"
NJ,Somers Point,450 Bay Avenue,"450 Bay Avenue,Somers Point,NJ"
NJ,Lodi,460 Passaic Avenue,"460 Passaic Avenue,Lodi,NJ"
NJ,Lodi,460 Passaic Avenue,"460 Passaic Avenue,Lodi,NJ"
NJ,West Orange,Crest Dr,"Crest Dr,West Orange,NJ"
NJ,West Orange,253 Main St,"253 Main St,West Orange,NJ"
NJ,West Orange,253 Main St,"253 Main St,West Orange,NJ"
NJ,Ridgewood,14 Hope Street,"14 Hope Street,Ridgewood,NJ"
NJ,Montclair,127 Valley Road,"127 Valley Road,Montclair,NJ"
NJ,Lyndhurst,"420 Valley Brook Avenue, Lyndhurst 07071","420 Valley Brook Avenue, Lyndhurst 07071,Lyndhurst,NJ"
NJ,Totowa,754 Totowa Rd,"754 Totowa Rd,Totowa,NJ"
NJ,West Orange,Prospect & Eagle Rock Ave,"Prospect & Eagle Rock Ave,West Orange,NJ"
NJ,West Caldwell,42 Fairfield Place,"42 Fairfield Place,West Caldwell,NJ"
NJ,Paramus,400 Paramus Rd,"400 Paramus Rd,Paramus,NJ"
NJ,Teaneck,687 Larch Ave,"687 Larch Ave,Teaneck,NJ"
NJ,Columbia,89 Mount Pleasant Road,"89 Mount Pleasant Road,Columbia,NJ"
NJ,Ridgewood,475 Grove Street,"475 Grove Street,Ridgewood,NJ"
NJ,Caldwell,326 Bloomfield Ave,"326 Bloomfield Ave,Caldwell,NJ"
NJ,Clifton,709 Van Houten Ave,"709 Van Houten Ave,Clifton,NJ"
NJ,Fairfield,118 US-46,"118 US-46,Fairfield,NJ"
NJ,Elmwood Park,401 Boulevard,"401 Boulevard,Elmwood Park,NJ"
NJ,Upper Montclair,Bellevue avenue,"Bellevue avenue,Upper Montclair,NJ"
NJ,Teaneck,687 Larch Ave,"687 Larch Ave,Teaneck,NJ"
NJ,Fairfield,333A Route 46 West Suite 255,"333A Route 46 West Suite 255,Fairfield,NJ"
NJ,Nutley,7 High St,"7 High St,Nutley,NJ"
NJ,Paramus,54 S Farview Ave,"54 S Farview Ave,Paramus,NJ"
NJ,Paramus,between Rt 17 North and from road.(Just of the GSP),"between Rt 17 North and from road.(Just of the GSP),Paramus,NJ"
NJ,Hackensack,515 Essex St,"515 Essex St,Hackensack,NJ"
NJ,Fairfield,55 Lane Rd,"55 Lane Rd,Fairfield,NJ"
NJ,Maywood,92 West Pleasant Avenue,"92 West Pleasant Avenue,Maywood,NJ"
NJ,Fair Lawn,25 Promenade Blvd,"25 Promenade Blvd,Fair Lawn,NJ"
NY,Staten Island,1001 Richmond Hill Rd,"1001 Richmond Hill Rd,Staten Island,NY"
NJ,Newark,14 Rector Street,"14 Rector Street,Newark,NJ"
NY,New York,55 Church St,"55 Church St,New York,NY"
NJ,Hoboken,901 Park Ave,"901 Park Ave,Hoboken,NJ"
NJ,Mountainside,New Providence Road,"New Providence Road,Mountainside,NJ"
NJ,Hoboken,901 Park Ave,"901 Park Ave,Hoboken,NJ"
NY,New York,Your Guide will meet you when you get out from the train at Poughkeepsie,"Your Guide will meet you when you get out from the train at Poughkeepsie,New York,NY"
NY,New York,Broadway Entrance at 34th/35th,"Broadway Entrance at 34th/35th,New York,NY"
NJ,Union,1000 Morris Ave,"1000 Morris Ave,Union,NJ"
NY,New York,Online Webinar - See Below for Registration Details,"Online Webinar - See Below for Registration Details,New York,NY"
NJ,Bayonne,1075 Broadway,"1075 Broadway,Bayonne,NJ"
NJ,Jersey City,321 Communipaw Ave,"321 Communipaw Ave,Jersey City,NJ"
NJ,West Orange,253 Main St,"253 Main St,West Orange,NJ"
NJ,West Orange,253 Main St,"253 Main St,West Orange,NJ"
NY,Brooklyn,695 5th Ave,"695 5th Ave,Brooklyn,NY"
NY,New York,742 10th Ave (between 50 and 51 Sts.,"742 10th Ave (between 50 and 51 Sts.,New York,NY"
NJ,Maplewood,64 Cherry Ln,"64 Cherry Ln,Maplewood,NJ"
NY,Brooklyn,8206 3rd Ave,"8206 3rd Ave,Brooklyn,NY"
NJ,Vauxhall,2933 Vauxhall Road,"2933 Vauxhall Road,Vauxhall,NJ"
NY,New York,"64 Fulton Street, Suite, 400, press 4 on the buzzer","64 Fulton Street, Suite, 400, press 4 on the buzzer,New York,NY"
NY,New York,..,"..,New York,NY"
NY,Staten Island,215 Schmidts Ln.,"215 Schmidts Ln.,Staten Island,NY"
NE,Staten Island,New Dorp Lane,"New Dorp Lane,Staten Island,NE"
NJ,Jersey City,870 Montgomery St,"870 Montgomery St,Jersey City,NJ"
NJ,Cranford,29 Alden Street ,"29 Alden Street ,Cranford,NJ"
NJ,Jersey City,426 Jersey Ave,"426 Jersey Ave,Jersey City,NJ"
NJ,Cranford,29 Alden Street ,"29 Alden Street ,Cranford,NJ"
NY,Brooklyn,14b 53rd St 3rd floor,"14b 53rd St 3rd floor,Brooklyn,NY"
NJ,Union,501 Green Ln,"501 Green Ln,Union,NJ"
NY,New York,250 Front St,"250 Front St,New York,NY"
NY,New York,92 Hudson River Greenway,"92 Hudson River Greenway,New York,NY"
NY,New York,10 South William St,"10 South William St,New York,NY"
NY,New York,link in description of event,"link in description of event,New York,NY"
NJ,Columbia,89 Mount Pleasant Road,"89 Mount Pleasant Road,Columbia,NJ"
NY,Staten Island,2655 Richmond Ave Suite 1590,"2655 Richmond Ave Suite 1590,Staten Island,NY"
NY,New York,New York,"New York,New York,NY"
NJ,Maplewood,600 Ridgewood Rd,"600 Ridgewood Rd,Maplewood,NJ"
NY,Staten Island,1600 Hylan Boulevard,"1600 Hylan Boulevard,Staten Island,NY"
NY,New York,Virtual Online Meeting,"Virtual Online Meeting,New York,NY"
NY,New York,250 Greenwich St Floor 46,"250 Greenwich St Floor 46,New York,NY"
NY,Brooklyn,3rd Ave,"3rd Ave,Brooklyn,NY"
NJ,Jersey City,535 Washington Blvd. ,"535 Washington Blvd. ,Jersey City,NJ"
NJ,Jersey City,29 McWilliams Pl.,"29 McWilliams Pl.,Jersey City,NJ"
NJ,Jersey City,"189 Brunswick St, 3rd Floor","189 Brunswick St, 3rd Floor,Jersey City,NJ"
NJ,Hoboken,300 Observer Hwy,"300 Observer Hwy,Hoboken,NJ"
NJ,Bayonne,185 John F. Kennedy Blvd,"185 John F. Kennedy Blvd,Bayonne,NJ"
NJ,Union,1023 Stuyvesant Ave,"1023 Stuyvesant Ave,Union,NJ"
NY,New York,Internet,"Internet,New York,NY"
NJ,Rahway,IRVING ST,"IRVING ST,Rahway,NJ"
NY,New York,Hudson River Greenway,"Hudson River Greenway,New York,NY"
NJ,Hoboken,1012 Grand St,"1012 Grand St,Hoboken,NJ"
NY,New York,38 Park Row #4,"38 Park Row #4,New York,NY"
NJ,Millville,220 Buck St,"220 Buck St,Millville,NJ"
NJ,Lodi,460 Passaic Avenue,"460 Passaic Avenue,Lodi,NJ"
NJ,Lodi,460 Passaic Avenue,"460 Passaic Avenue,Lodi,NJ"
NJ,West Orange,Crest Dr,"Crest Dr,West Orange,NJ"
NJ,Newark,14 Rector Street,"14 Rector Street,Newark,NJ"
NJ,West Orange,253 Main St,"253 Main St,West Orange,NJ"
NJ,West Orange,253 Main St,"253 Main St,West Orange,NJ"
NJ,Ridgewood,14 Hope Street,"14 Hope Street,Ridgewood,NJ"
NJ,Lyndhurst,"420 Valley Brook Avenue, Lyndhurst 07071","420 Valley Brook Avenue, Lyndhurst 07071,Lyndhurst,NJ"
NJ,Montclair,127 Valley Road,"127 Valley Road,Montclair,NJ"
NJ,West Orange,Prospect & Eagle Rock Ave,"Prospect & Eagle Rock Ave,West Orange,NJ"
NJ,Totowa,754 Totowa Rd,"754 Totowa Rd,Totowa,NJ"
NJ,tenafly,Jefferson and virgiinia street ,"Jefferson and virgiinia street ,tenafly,NJ"
NJ,West Caldwell,42 Fairfield Place,"42 Fairfield Place,West Caldwell,NJ"
NJ,Teaneck,687 Larch Ave,"687 Larch Ave,Teaneck,NJ"
NJ,Paramus,400 Paramus Rd,"400 Paramus Rd,Paramus,NJ"
NJ,Fairfield,118 US-46,"118 US-46,Fairfield,NJ"
NJ,Elmwood Park,401 Boulevard,"401 Boulevard,Elmwood Park,NJ"
NJ,North Bergen,3167 John F. Kennedy Blvd,"3167 John F. Kennedy Blvd,North Bergen,NJ"
NJ,Teaneck,687 Larch Ave,"687 Larch Ave,Teaneck,NJ"
NJ,Upper Montclair,Bellevue avenue,"Bellevue avenue,Upper Montclair,NJ"
NJ,UNION CITY,507 43RD TS. 7th floor,"507 43RD TS. 7th floor,UNION CITY,NJ"
NJ,Fairfield,333A Route 46 West Suite 255,"333A Route 46 West Suite 255,Fairfield,NJ"
NJ,Fairview,394 Walker St,"394 Walker St,Fairview,NJ"
NJ,Nutley,7 High St,"7 High St,Nutley,NJ"
NJ,Paramus,54 S Farview Ave,"54 S Farview Ave,Paramus,NJ"
NJ,Edgewater,986 River Road,"986 River Road,Edgewater,NJ"
NJ,Hackensack,515 Essex St,"515 Essex St,Hackensack,NJ"
NJ,Fairfield,55 Lane Rd,"55 Lane Rd,Fairfield,NJ"
NJ,Maywood,92 West Pleasant Avenue,"92 West Pleasant Avenue,Maywood,NJ"
NJ,Fair Lawn,25 Promenade Blvd,"25 Promenade Blvd,Fair Lawn,NJ"
NJ,Newark,183 So Orange Avenue,"183 So Orange Avenue,Newark,NJ"
PA,Philadelphia,zoom online,"zoom online,Philadelphia,PA"
PA,Philadelphia,1617 John F Kennedy Blvd 20th floor,"1617 John F Kennedy Blvd 20th floor,Philadelphia,PA"
PA,Philadelphia,1701 John F Kennedy Boulevard,"1701 John F Kennedy Boulevard,Philadelphia,PA"
NJ,Cherry Hill,2100 Rte 70 W,"2100 Rte 70 W,Cherry Hill,NJ"
PA,Philadelphia,N Christopher Columbus Blvd,"N Christopher Columbus Blvd,Philadelphia,PA"
NJ,Merchantville,36 W Maple Ave,"36 W Maple Ave,Merchantville,NJ"
PA,Philadelphia,2946 Island Ave,"2946 Island Ave,Philadelphia,PA"
PA,Philadelphia,2901 W Hunting Park Ave,"2901 W Hunting Park Ave,Philadelphia,PA"
PA,Philadelphia,6501 Castor Ave,"6501 Castor Ave,Philadelphia,PA"
PA,Philadelphia,No Address,"No Address,Philadelphia,PA"
PA,Philadelphia,1906 Rittenhouse Square,"1906 Rittenhouse Square,Philadelphia,PA"
NJ,Cherry Hill,1920 Old Cuthbert Rd,"1920 Old Cuthbert Rd,Cherry Hill,NJ"
NJ,Camden,422 Market Street,"422 Market Street,Camden,NJ"
PA,Bala Cynwyd,281 Montgomery Ave.,"281 Montgomery Ave.,Bala Cynwyd,PA"
PA,Philadelphia,254 S 12th St,"254 S 12th St,Philadelphia,PA"
PA,Philadelphia,2901 W Hunting Park Ave,"2901 W Hunting Park Ave,Philadelphia,PA"
PA,Philadelphia,3010 Richmond St,"3010 Richmond St,Philadelphia,PA"
NJ,Cherry Hill,401 N. Kings Highway,"401 N. Kings Highway,Cherry Hill,NJ"
PA,Philadelphia,244 Fitzwater St,"244 Fitzwater St,Philadelphia,PA"
PA,Philadelphia,48 N 12th St,"48 N 12th St,Philadelphia,PA"
PA,Philadelphia,4426 Locust St,"4426 Locust St,Philadelphia,PA"
NJ,Cherry Hill,1100 Kings Highway North,"1100 Kings Highway North,Cherry Hill,NJ"
NJ,Bellmawr,363 W Browning Rd,"363 W Browning Rd,Bellmawr,NJ"
PA,Philadelphia,Wallace Street,"Wallace Street,Philadelphia,PA"
NJ,Pennsauken Township,1585 NJ-73,"1585 NJ-73,Pennsauken Township,NJ"
PA,Philadelphia,1150 Filbert Street,"1150 Filbert Street,Philadelphia,PA"
PA,Philadelphia,1023 Hamilton St,"1023 Hamilton St,Philadelphia,PA"
NJ,Lodi,460 Passaic Avenue,"460 Passaic Avenue,Lodi,NJ"
NJ,Lodi,460 Passaic Avenue,"460 Passaic Avenue,Lodi,NJ"
NJ,Hoboken,901 Park Ave,"901 Park Ave,Hoboken,NJ"
NJ,Hoboken,901 Park Ave,"901 Park Ave,Hoboken,NJ"
NJ,Newark,14 Rector Street,"14 Rector Street,Newark,NJ"
NJ,West Orange,Crest Dr,"Crest Dr,West Orange,NJ"
NJ,West Orange,253 Main St,"253 Main St,West Orange,NJ"
NJ,West Orange,253 Main St,"253 Main St,West Orange,NJ"
NJ,Ridgewood,14 Hope Street,"14 Hope Street,Ridgewood,NJ"
NJ,Lyndhurst,"420 Valley Brook Avenue, Lyndhurst 07071","420 Valley Brook Avenue, Lyndhurst 07071,Lyndhurst,NJ"
NJ,Montclair,127 Valley Road,"127 Valley Road,Montclair,NJ"
NY,New York,672 9th Ave,"672 9th Ave,New York,NY"
NJ,West Orange,Prospect & Eagle Rock Ave,"Prospect & Eagle Rock Ave,West Orange,NJ"
NJ,Totowa,754 Totowa Rd,"754 Totowa Rd,Totowa,NJ"
NJ,tenafly,Jefferson and virgiinia street ,"Jefferson and virgiinia street ,tenafly,NJ"
NJ,Jersey City,870 Montgomery St,"870 Montgomery St,Jersey City,NJ"
NY,New York,Amsterdam Ave,"Amsterdam Ave,New York,NY"
NY,New York,103rd Street and Riverside Dr.,"103rd Street and Riverside Dr.,New York,NY"
NJ,Hoboken,316 Washington St,"316 Washington St,Hoboken,NJ"
NY,New York,W 54th St,"W 54th St,New York,NY"
NY,New York,10 Columbus Cir,"10 Columbus Cir,New York,NY"
NJ,West Caldwell,42 Fairfield Place,"42 Fairfield Place,West Caldwell,NJ"
NY,New York,New York,"New York,New York,NY"
NY,New York,Northwest Corner,"Northwest Corner,New York,NY"
NY,New York,100 West 77th Street,"100 West 77th Street,New York,NY"
NJ,Teaneck,687 Larch Ave,"687 Larch Ave,Teaneck,NJ"
NJ,Paramus,400 Paramus Rd,"400 Paramus Rd,Paramus,NJ"
NY,New York,10 Columbus Cir,"10 Columbus Cir,New York,NY"
NJ,Secaucus,151 Front St,"151 Front St,Secaucus,NJ"
NJ,Columbia,89 Mount Pleasant Road,"89 Mount Pleasant Road,Columbia,NJ"
NY,New York,105th and Broadway ,"105th and Broadway ,New York,NY"
NY,New York,626 10th Ave,"626 10th Ave,New York,NY"
NY,New York,257 W 88th St,"257 W 88th St,New York,NY"
NY,New York,Morningside Dr,"Morningside Dr,New York,NY"
NY,New York,1890 Broadway,"1890 Broadway,New York,NY"
NY,New York,422 W 57th St (entrance to the right of Trinity Church),"422 W 57th St (entrance to the right of Trinity Church),New York,NY"
NJ,Ridgewood,475 Grove Street,"475 Grove Street,Ridgewood,NJ"
NJ,Caldwell,326 Bloomfield Ave,"326 Bloomfield Ave,Caldwell,NJ"
NJ,Clifton,709 Van Houten Ave,"709 Van Houten Ave,Clifton,NJ"
NY,New York,484 W 43rd St,"484 W 43rd St,New York,NY"
NY,New York,Morningside Dr,"Morningside Dr,New York,NY"
NJ,Fairfield,118 US-46,"118 US-46,Fairfield,NJ"
NY,New York,627 9th Avenue,"627 9th Avenue,New York,NY"
NY,New York,627 9th Ave,"627 9th Ave,New York,NY"
NJ,North Bergen,3167 John F. Kennedy Blvd,"3167 John F. Kennedy Blvd,North Bergen,NJ"
NJ,Elmwood Park,401 Boulevard,"401 Boulevard,Elmwood Park,NJ"
NY,New York,Amsterdam Ave. between 110 - 111th Streets,"Amsterdam Ave. between 110 - 111th Streets,New York,NY"
NJ,Teaneck,687 Larch Ave,"687 Larch Ave,Teaneck,NJ"
NJ,Upper Montclair,Bellevue avenue,"Bellevue avenue,Upper Montclair,NJ"
NJ,UNION CITY,507 43RD TS. 7th floor,"507 43RD TS. 7th floor,UNION CITY,NJ"
NY,New York,2061 Broadway (71st - 72nd Street),"2061 Broadway (71st - 72nd Street),New York,NY"
NJ,Fairfield,333A Route 46 West Suite 255,"333A Route 46 West Suite 255,Fairfield,NJ"
NJ,Fairview,394 Walker St,"394 Walker St,Fairview,NJ"
NJ,Nutley,7 High St,"7 High St,Nutley,NJ"
NJ,Paramus,54 S Farview Ave,"54 S Farview Ave,Paramus,NJ"
NJ,Edgewater,986 River Road,"986 River Road,Edgewater,NJ"
NJ,Hoboken,300 Observer Hwy,"300 Observer Hwy,Hoboken,NJ"
NJ,Paramus,between Rt 17 North and from road.(Just of the GSP),"between Rt 17 North and from road.(Just of the GSP),Paramus,NJ"
NJ,Hoboken,1012 Grand St,"1012 Grand St,Hoboken,NJ"
NY,New York,102 W 73rd St,"102 W 73rd St,New York,NY"
NY,New York,Central Park West at the corner of W. 85th Street ,"Central Park West at the corner of W. 85th Street ,New York,NY"
NY,New York,W 67th St,"W 67th St,New York,NY"
NY,New York,"95 Delancey Street (On the corner of Delancey & Ludlow), New York, NY ","95 Delancey Street (On the corner of Delancey & Ludlow), New York, NY ,New York,NY"
NY,New York,405 W 44th St,"405 W 44th St,New York,NY"
NJ,Hackensack,515 Essex St,"515 Essex St,Hackensack,NJ"
NJ,Maywood,92 West Pleasant Avenue,"92 West Pleasant Avenue,Maywood,NJ"
NJ,Fairfield,55 Lane Rd,"55 Lane Rd,Fairfield,NJ"
NJ,Fair Lawn,25 Promenade Blvd,"25 Promenade Blvd,Fair Lawn,NJ"
NJ,Weehawken,"Lincoln Harbor, Pier D-T","Lincoln Harbor, Pier D-T,Weehawken,NJ"
NJ,Newark,972 Broad Street Newark,"972 Broad Street Newark,Newark,NJ"
NJ,Newark,183 So Orange Avenue,"183 So Orange Avenue,Newark,NJ"
NJ,Hoboken,50 Harrison St,"50 Harrison St,Hoboken,NJ"
NJ,Hoboken,259 14th St,"259 14th St,Hoboken,NJ"
NY,Manhattan,TBD NYC,"TBD NYC,Manhattan,NY"
NY,New York,405 W 44th St,"405 W 44th St,New York,NY"
NY,New York,55 Church St,"55 Church St,New York,NY"
NJ,Hoboken,901 Park Ave,"901 Park Ave,Hoboken,NJ"
NY,New York,  569 Hudson St,"  569 Hudson St,New York,NY"
NJ,Hoboken,901 Park Ave,"901 Park Ave,Hoboken,NJ"
NY,New York,27 W 24th St Suite 800B,"27 W 24th St Suite 800B,New York,NY"
NY,New York,Your Guide will meet you when you get out from the train at Poughkeepsie,"Your Guide will meet you when you get out from the train at Poughkeepsie,New York,NY"
NY,New York,90 West 42nd Street (Across from Grand Central),"90 West 42nd Street (Across from Grand Central),New York,NY"
NJ,Lodi,460 Passaic Avenue,"460 Passaic Avenue,Lodi,NJ"
NJ,Lodi,460 Passaic Avenue,"460 Passaic Avenue,Lodi,NJ"
NY,Brooklyn,1 Oak St,"1 Oak St,Brooklyn,NY"
NJ,Newark,14 Rector Street,"14 Rector Street,Newark,NJ"
NY,New York,Flushing Meadows Pedestrian Bridge & Roosevelt Ave,"Flushing Meadows Pedestrian Bridge & Roosevelt Ave,New York,NY"
NY,New York,Online,"Online,New York,NY"
NY,New York,185 Madison Ave Floor 3,"185 Madison Ave Floor 3,New York,NY"
NY,New York,Online Webinar - See Below for Registration Details,"Online Webinar - See Below for Registration Details,New York,NY"
NY,New York,Remote,"Remote,New York,NY"
NY,New York,Online,"Online,New York,NY"
NY,New York,Online,"Online,New York,NY"
NY,New York,18 Bleecker Street,"18 Bleecker Street,New York,NY"
NY,New York,Online,"Online,New York,NY"
NY,New York,Online,"Online,New York,NY"
NY,New York,470 Park Ave South,"470 Park Ave South,New York,NY"
NY,New York,"350 West Broadway, NY 10013","350 West Broadway, NY 10013,New York,NY"
NY,New York,519 8th Avenue 2nd floor,"519 8th Avenue 2nd floor,New York,NY"
NY,New York,Online,"Online,New York,NY"
NY,New York,185 Madison Ave,"185 Madison Ave,New York,NY"
NY,New York,115 W 30th Street 5th floor,"115 W 30th Street 5th floor,New York,NY"
NY,New York,Online,"Online,New York,NY"
NY,New York,224 West 4th street Second Floor,"224 West 4th street Second Floor,New York,NY"
NY,New York,"137 West 14th Street, 2nd Floor","137 West 14th Street, 2nd Floor,New York,NY"
NJ,Jersey City,107 Morgan St,"107 Morgan St,Jersey City,NJ"
NJ,Bayonne,1075 Broadway,"1075 Broadway,Bayonne,NJ"
NY,Brooklyn,695 5th Ave,"695 5th Ave,Brooklyn,NY"
NY,New York,742 10th Ave (between 50 and 51 Sts.,"742 10th Ave (between 50 and 51 Sts.,New York,NY"
NJ,Jersey City,870 Montgomery St,"870 Montgomery St,Jersey City,NJ"
NY,New York," Terrace Dr. New York, NY 10024"," Terrace Dr. New York, NY 10024,New York,NY"
NY,New York,Washington Square,"Washington Square,New York,NY"
NY,New York,Amsterdam Ave,"Amsterdam Ave,New York,NY"
NY,New York,281 Main Street,"281 Main Street,New York,NY"
NY,Brooklyn,776 Lorimer St,"776 Lorimer St,Brooklyn,NY"
NY,Brooklyn,776 Lorimer St.,"776 Lorimer St.,Brooklyn,NY"
NY,Brooklyn,776 Lorimer St,"776 Lorimer St,Brooklyn,NY"
NY,Long Island City,50th Ave,"50th Ave,Long Island City,NY"
NY,Astoria,Astoria Park S & 18th Street,"Astoria Park S & 18th Street,Astoria,NY"
NY,New York,86th St Transverse,"86th St Transverse,New York,NY"
NY,New York,103rd Street and Riverside Dr.,"103rd Street and Riverside Dr.,New York,NY"
NY,BRooklyn,275 S2nd St ,"275 S2nd St ,BRooklyn,NY"
NY,New York,2 East 90th Street,"2 East 90th Street,New York,NY"
NY,New York,10 Columbus Cir,"10 Columbus Cir,New York,NY"
NY,New York,10 South William St,"10 South William St,New York,NY"
NY,New York,link in description of event,"link in description of event,New York,NY"
NJ,Teaneck,687 Larch Ave,"687 Larch Ave,Teaneck,NJ"
NY,New York,1000 5th Avenue,"1000 5th Avenue,New York,NY"
NY,New York,51 W 14th St #3r,"51 W 14th St #3r,New York,NY"
NY,New York,626 10th Ave,"626 10th Ave,New York,NY"
NY,New York,105th and Broadway ,"105th and Broadway ,New York,NY"
NY,New York,257 W 88th St,"257 W 88th St,New York,NY"
NY,Brooklyn,620 Manhattan Ave,"620 Manhattan Ave,Brooklyn,NY"
NJ,Secaucus,151 Front St,"151 Front St,Secaucus,NJ"
NJ,Columbia,89 Mount Pleasant Road,"89 Mount Pleasant Road,Columbia,NJ"
NY,Brooklyn,471 5th Ave,"471 5th Ave,Brooklyn,NY"
NY,Brooklyn,816 Beverley Road,"816 Beverley Road,Brooklyn,NY"
NY,New York,See Description Box for,"See Description Box for,New York,NY"
NY,Astoria,3801 35th Ave,"3801 35th Ave,Astoria,NY"
NY,New York,61 W 62nd St,"61 W 62nd St,New York,NY"
NY,New York,111 East 33rd St.,"111 East 33rd St.,New York,NY"
NY,New York,158 E. 115th Street,"158 E. 115th Street,New York,NY"
NY,Brooklyn,"147 Prince Street, 4th Floor","147 Prince Street, 4th Floor,Brooklyn,NY"
NJ,Jersey City,143 Christopher Columbus Dr,"143 Christopher Columbus Dr,Jersey City,NJ"
NY,Brooklyn,769 Washington Avenue,"769 Washington Avenue,Brooklyn,NY"
NY,New York,484 W 43rd St,"484 W 43rd St,New York,NY"
NY,Brooklyn,227 Utica Avenue,"227 Utica Avenue,Brooklyn,NY"
NY,Brooklyn,243 78th St,"243 78th St,Brooklyn,NY"
NJ,Clifton,709 Van Houten Ave,"709 Van Houten Ave,Clifton,NJ"
NY,Brooklyn,320 West 37th Street,"320 West 37th Street,Brooklyn,NY"
NY,New York,1095 Sixth Ave ,"1095 Sixth Ave ,New York,NY"
NY,New York,Cyberspace,"Cyberspace,New York,NY"
NY,New York,Morningside Dr,"Morningside Dr,New York,NY"
NY,Brooklyn,76 4th Ave (between Bergen and St. Marks),"76 4th Ave (between Bergen and St. Marks),Brooklyn,NY"
NY,New York,627 9th Avenue,"627 9th Avenue,New York,NY"
NY,New York,New York,"New York,New York,NY"
NY,New York,939 Lexington Avenue (between E. 68th & E. 69th Streets),"939 Lexington Avenue (between E. 68th & E. 69th Streets),New York,NY"
NY,New York,Virtual Online Meeting,"Virtual Online Meeting,New York,NY"
NY,Manhattan,425 Avenue of the Americas (Sixth Avenue and 10th Street,"425 Avenue of the Americas (Sixth Avenue and 10th Street,Manhattan,NY"
NY,New York,250 Greenwich St Floor 46,"250 Greenwich St Floor 46,New York,NY"
NJ,North Bergen,3167 John F. Kennedy Blvd,"3167 John F. Kennedy Blvd,North Bergen,NJ"
NY,New York,115 W 45th St,"115 W 45th St,New York,NY"
NY,New York,Amsterdam Ave. between 110 - 111th Streets,"Amsterdam Ave. between 110 - 111th Streets,New York,NY"
NY,New York,"177 E. 87th St/1556 3rd Ave, Suite 302A","177 E. 87th St/1556 3rd Ave, Suite 302A,New York,NY"
NY,Manhattan,Manhattan,"Manhattan,Manhattan,NY"
NY,New York,11 East 33rd Street,"11 East 33rd Street,New York,NY"
NY,Brooklyn,440 4th ave ,"440 4th ave ,Brooklyn,NY"
NY,Brooklyn,Email or text,"Email or text,Brooklyn,NY"
NJ,Lyndhurst,455 Valley Brook Ave,"455 Valley Brook Ave,Lyndhurst,NJ"
NY,Brooklyn,Address to be given via text,"Address to be given via text,Brooklyn,NY"
NY,Brooklyn ,591 Central Ave Unit 1,"591 Central Ave Unit 1,Brooklyn ,NY"
NY,New York,119 Chambers St,"119 Chambers St,New York,NY"
NY,Brooklyn ,591 Central Ave Unit 1,"591 Central Ave Unit 1,Brooklyn ,NY"
NY,New York,1234,"1234,New York,NY"
NY,New York,247 West 36th Street 6th Floor,"247 West 36th Street 6th Floor,New York,NY"
NY,New York,2061 Broadway (71st - 72nd Street),"2061 Broadway (71st - 72nd Street),New York,NY"
NY,New York,"275 7th Ave (at 26th st) New York, NY","275 7th Ave (at 26th st) New York, NY,New York,NY"
NJ,UNION CITY,507 43RD TS. 7th floor,"507 43RD TS. 7th floor,UNION CITY,NJ"
NY,New York,79 Franklin St,"79 Franklin St,New York,NY"
NY,New York,"55 East 52nd Street, New York, NY","55 East 52nd Street, New York, NY,New York,NY"
NY,New York,151 West 30th Street  3rd Floor (6-7th Aves) ,"151 West 30th Street  3rd Floor (6-7th Aves) ,New York,NY"
NY,New York,Address provided w/RSVP confirmation,"Address provided w/RSVP confirmation,New York,NY"
NY,New York,347 E 72nd St,"347 E 72nd St,New York,NY"
NY,New York,191 Canal St,"191 Canal St,New York,NY"
NJ,Teaneck,687 Larch Ave,"687 Larch Ave,Teaneck,NJ"
NY,New York,"56 West 45th Street, Suite 1703","56 West 45th Street, Suite 1703,New York,NY"
NY,New York,599 Broadway,"599 Broadway,New York,NY"
NY,Brooklyn,305 Schermerhorn St,"305 Schermerhorn St,Brooklyn,NY"
NY,New York,1551 3rd Ave,"1551 3rd Ave,New York,NY"
NY,Brooklyn,1875 Atlantic Avenue,"1875 Atlantic Avenue,Brooklyn,NY"
NJ,Fairview,394 Walker St,"394 Walker St,Fairview,NJ"
NY,New York,1678 3rd Ave,"1678 3rd Ave,New York,NY"
NY,New York,11 W 53rd St,"11 W 53rd St,New York,NY"
NE,New York,"177 Prince St, New York, NY 10012","177 Prince St, New York, NY 10012,New York,NE"
NJ,Jersey City,29 McWilliams Pl.,"29 McWilliams Pl.,Jersey City,NJ"
NY,Brooklyn,Prospect Park,"Prospect Park,Brooklyn,NY"
NY,Brooklyn,640 Classon Avenue,"640 Classon Avenue,Brooklyn,NY"
NE,Brooklyn,"Old Stone House, 336 3rd St, Brooklyn, NY 11215","Old Stone House, 336 3rd St, Brooklyn, NY 11215,Brooklyn,NE"
NY,New York ,1085 5th Avenue ,"1085 5th Avenue ,New York ,NY"
NY,Brooklyn,273 13th Street,"273 13th Street,Brooklyn,NY"
NY,New York,"920 3rd ave, 5th Floor","920 3rd ave, 5th Floor,New York,NY"
NY,New York,265 W 37th St,"265 W 37th St,New York,NY"
NJ,Edgewater,986 River Road,"986 River Road,Edgewater,NJ"
NY,New York,500 8th ave 3rd fl,"500 8th ave 3rd fl,New York,NY"
NY,New York ,1601 Broadway 11th floor ,"1601 Broadway 11th floor ,New York ,NY"
NJ,Jersey City,"189 Brunswick St, 3rd Floor","189 Brunswick St, 3rd Floor,Jersey City,NJ"
NJ,Nutley,7 High St,"7 High St,Nutley,NJ"
NJ,Hoboken,300 Observer Hwy,"300 Observer Hwy,Hoboken,NJ"
NY,Brooklyn,1368 Fulton St,"1368 Fulton St,Brooklyn,NY"
NY,New York,1678 3rd Ave,"1678 3rd Ave,New York,NY"
NY,New York,Central Park,"Central Park,New York,NY"
NJ,Bayonne,185 John F. Kennedy Blvd,"185 John F. Kennedy Blvd,Bayonne,NJ"
NY,New York,158 E 115th St,"158 E 115th St,New York,NY"
NY,New York,Internet,"Internet,New York,NY"
NY,New York,Grand Army Plaza,"Grand Army Plaza,New York,NY"
NY,New York,Online,"Online,New York,NY"
NJ,Hoboken,1012 Grand St,"1012 Grand St,Hoboken,NJ"
NY,New York,102 W 73rd St,"102 W 73rd St,New York,NY"
NY,New York ,558 Broadway Avenue,"558 Broadway Avenue,New York ,NY"
NY,New York,Brooklyn,"Brooklyn,New York,NY"
NY,Brooklyn,(Mickey will email or private message full sign-in information for this video conference.),"(Mickey will email or private message full sign-in information for this video conference.),Brooklyn,NY"
NY,New York,Central Park West at the corner of W. 85th Street ,"Central Park West at the corner of W. 85th Street ,New York,NY"
NY,New York,350 W 50th St,"350 W 50th St,New York,NY"
NY,New York,60 E 41st St,"60 E 41st St,New York,NY"
NY,New York,W 67th St,"W 67th St,New York,NY"
NY,New York,44 W 17th St,"44 W 17th St,New York,NY"
NY,New York,"95 Delancey Street (On the corner of Delancey & Ludlow), New York, NY ","95 Delancey Street (On the corner of Delancey & Ludlow), New York, NY ,New York,NY"
NY,New York,405 W 44th St,"405 W 44th St,New York,NY"
NY,Brooklyn,647 Grand St,"647 Grand St,Brooklyn,NY"
NY,Woodside,49-10 Skillman ave. ,"49-10 Skillman ave. ,Woodside,NY"
NY,New York,77 E 7th St,"77 E 7th St,New York,NY"
NY,New York,55 Church St,"55 Church St,New York,NY"
NY,Staten Island,1001 Richmond Hill Rd,"1001 Richmond Hill Rd,Staten Island,NY"
NJ,Hoboken,901 Park Ave,"901 Park Ave,Hoboken,NJ"
NJ,Hoboken,901 Park Ave,"901 Park Ave,Hoboken,NJ"
NJ,Newark,14 Rector Street,"14 Rector Street,Newark,NJ"
NY,New York,  569 Hudson St,"  569 Hudson St,New York,NY"
NY,New York,Your Guide will meet you when you get out from the train at Poughkeepsie,"Your Guide will meet you when you get out from the train at Poughkeepsie,New York,NY"
NY,New York,Broadway Entrance at 34th/35th,"Broadway Entrance at 34th/35th,New York,NY"
NY,New York,27 W 24th St Suite 800B,"27 W 24th St Suite 800B,New York,NY"
NY,Brooklyn,1 Oak St,"1 Oak St,Brooklyn,NY"
NY,Brooklyn,"6th Ave, 1st St - Park Slope","6th Ave, 1st St - Park Slope,Brooklyn,NY"
NY,Brooklyn,8206 3rd Ave,"8206 3rd Ave,Brooklyn,NY"
NY,New York,"64 Fulton Street, Suite, 400, press 4 on the buzzer","64 Fulton Street, Suite, 400, press 4 on the buzzer,New York,NY"
NY,New York,191 Canal St,"191 Canal St,New York,NY"
NY,New York,..,"..,New York,NY"
NY,New York,150 W 28th St suite 1101 b,"150 W 28th St suite 1101 b,New York,NY"
NY,Brooklyn,628 Metropolitan Avenue,"628 Metropolitan Avenue,Brooklyn,NY"
NY,New York,150W W 28th St,"150W W 28th St,New York,NY"
NJ,Vauxhall,2933 Vauxhall Road,"2933 Vauxhall Road,Vauxhall,NJ"
NJ,Jersey City,870 Montgomery St,"870 Montgomery St,Jersey City,NJ"
NE,Staten Island,New Dorp Lane,"New Dorp Lane,Staten Island,NE"
NY,Staten Island,215 Schmidts Ln.,"215 Schmidts Ln.,Staten Island,NY"
NY,Brooklyn,1616 Caton Ave Coney Island Ave between Caton & Parkside Avenues,"1616 Caton Ave Coney Island Ave between Caton & Parkside Avenues,Brooklyn,NY"
NJ,Jersey City,426 Jersey Ave,"426 Jersey Ave,Jersey City,NJ"
NY,New York,Washington Square,"Washington Square,New York,NY"
NY,Brooklyn,1990 Shore Pkwy,"1990 Shore Pkwy,Brooklyn,NY"
NY,New York,Hudson River Greenway,"Hudson River Greenway,New York,NY"
NY,New York,250 Front St,"250 Front St,New York,NY"
NY,Brooklyn,Parkside Ave & Parade Pl,"Parkside Ave & Parade Pl,Brooklyn,NY"
NY,New York,East River Promenade,"East River Promenade,New York,NY"
NY,New York,92 Hudson River Greenway,"92 Hudson River Greenway,New York,NY"
NY,Brooklyn,112 Tilary St,"112 Tilary St,Brooklyn,NY"
NY,New York,10 South William St,"10 South William St,New York,NY"
NY,New York,link in description of event,"link in description of event,New York,NY"
NY,New York,51 W 14th St #3r,"51 W 14th St #3r,New York,NY"
NY,Brooklyn,471 5th Ave,"471 5th Ave,Brooklyn,NY"
NJ,Columbia,89 Mount Pleasant Road,"89 Mount Pleasant Road,Columbia,NJ"
NY,New York,626 10th Ave,"626 10th Ave,New York,NY"
NJ,Secaucus,151 Front St,"151 Front St,Secaucus,NJ"
NY,Brooklyn,816 Beverley Road,"816 Beverley Road,Brooklyn,NY"
NY,Brooklyn,620 Manhattan Ave,"620 Manhattan Ave,Brooklyn,NY"
NY,Staten Island,2655 Richmond Ave Suite 1590,"2655 Richmond Ave Suite 1590,Staten Island,NY"
NY,New York,See Description Box for,"See Description Box for,New York,NY"
NY,New York,26 1st Avenue,"26 1st Avenue,New York,NY"
NY,Brooklyn,243 78th St,"243 78th St,Brooklyn,NY"
NJ,Jersey City,143 Christopher Columbus Dr,"143 Christopher Columbus Dr,Jersey City,NJ"
NY,Brooklyn,"147 Prince Street, 4th Floor","147 Prince Street, 4th Floor,Brooklyn,NY"
NY,Brooklyn,769 Washington Avenue,"769 Washington Avenue,Brooklyn,NY"
NY,New York,111 East 33rd St.,"111 East 33rd St.,New York,NY"
NY,Brooklyn,227 Utica Avenue,"227 Utica Avenue,Brooklyn,NY"
NY,New York,484 W 43rd St,"484 W 43rd St,New York,NY"
NY,Brooklyn,76 4th Ave (between Bergen and St. Marks),"76 4th Ave (between Bergen and St. Marks),Brooklyn,NY"
NY,New York,New York,"New York,New York,NY"
NY,Brooklyn,320 West 37th Street,"320 West 37th Street,Brooklyn,NY"
NY,New York,Cyberspace,"Cyberspace,New York,NY"
NY,New York,1095 Sixth Ave ,"1095 Sixth Ave ,New York,NY"
NY,New York,627 9th Avenue,"627 9th Avenue,New York,NY"
NY,New York,Virtual Online Meeting,"Virtual Online Meeting,New York,NY"
NY,Manhattan,425 Avenue of the Americas (Sixth Avenue and 10th Street,"425 Avenue of the Americas (Sixth Avenue and 10th Street,Manhattan,NY"
NY,Staten Island,1600 Hylan Boulevard,"1600 Hylan Boulevard,Staten Island,NY"
NJ,Maplewood,600 Ridgewood Rd,"600 Ridgewood Rd,Maplewood,NJ"
NY,New York,250 Greenwich St Floor 46,"250 Greenwich St Floor 46,New York,NY"
NY,Staten Island,15 Giffords Ln,"15 Giffords Ln,Staten Island,NY"
NY,Brooklyn,440 4th ave ,"440 4th ave ,Brooklyn,NY"
NJ,Bayonne,184 Broadway,"184 Broadway,Bayonne,NJ"
NJ,North Bergen,3167 John F. Kennedy Blvd,"3167 John F. Kennedy Blvd,North Bergen,NJ"
NY,Manhattan,Manhattan,"Manhattan,Manhattan,NY"
NJ,Maplewood,1970 Springfield Ave,"1970 Springfield Ave,Maplewood,NJ"
NY,New York,1234,"1234,New York,NY"
NY,New York,119 Chambers St,"119 Chambers St,New York,NY"
NJ,Maplewood,1970 Springfield Ave,"1970 Springfield Ave,Maplewood,NJ"
NY,New York,115 W 45th St,"115 W 45th St,New York,NY"
NY,Brooklyn,To be Announced,"To be Announced,Brooklyn,NY"
NY,Brooklyn,Address to be given via text,"Address to be given via text,Brooklyn,NY"
NY,New York,11 East 33rd Street,"11 East 33rd Street,New York,NY"
NY,Brooklyn,3rd Ave,"3rd Ave,Brooklyn,NY"
NY,New York,79 Franklin St,"79 Franklin St,New York,NY"
NJ,Jersey City,535 Washington Blvd. ,"535 Washington Blvd. ,Jersey City,NJ"
NY,New York,247 West 36th Street 6th Floor,"247 West 36th Street 6th Floor,New York,NY"
NY,Brooklyn,305 Schermerhorn St,"305 Schermerhorn St,Brooklyn,NY"
NY,New York,191 Canal St,"191 Canal St,New York,NY"
NY,New York,"275 7th Ave (at 26th st) New York, NY","275 7th Ave (at 26th st) New York, NY,New York,NY"
NY,New York,599 Broadway,"599 Broadway,New York,NY"
NY,Brooklyn,1120 Washington Ave 2nd floor,"1120 Washington Ave 2nd floor,Brooklyn,NY"
NY,New York,Address provided w/RSVP confirmation,"Address provided w/RSVP confirmation,New York,NY"
NY,New York,151 West 30th Street  3rd Floor (6-7th Aves) ,"151 West 30th Street  3rd Floor (6-7th Aves) ,New York,NY"
NJ,UNION CITY,507 43RD TS. 7th floor,"507 43RD TS. 7th floor,UNION CITY,NJ"
NY,New York,"56 West 45th Street, Suite 1703","56 West 45th Street, Suite 1703,New York,NY"
NY,New York,"37 W. 17th St, NYC    (6th Fl.)   Between 5th and 6th Aves.","37 W. 17th St, NYC    (6th Fl.)   Between 5th and 6th Aves.,New York,NY"
NY,New York,151 W 30th St 3rd fl,"151 W 30th St 3rd fl,New York,NY"
NJ,Jersey City,29 McWilliams Pl.,"29 McWilliams Pl.,Jersey City,NJ"
NE,New York,"177 Prince St, New York, NY 10012","177 Prince St, New York, NY 10012,New York,NE"
NY,Brooklyn,Prospect Park,"Prospect Park,Brooklyn,NY"
NE,Brooklyn,"Old Stone House, 336 3rd St, Brooklyn, NY 11215","Old Stone House, 336 3rd St, Brooklyn, NY 11215,Brooklyn,NE"
NY,Brooklyn,640 Classon Avenue,"640 Classon Avenue,Brooklyn,NY"
NY,Brooklyn,273 13th Street,"273 13th Street,Brooklyn,NY"
NJ,Bayonne,185 John F. Kennedy Blvd,"185 John F. Kennedy Blvd,Bayonne,NJ"
NJ,Union,1023 Stuyvesant Ave,"1023 Stuyvesant Ave,Union,NJ"
NY,New York,A link will be emailed once you RSVP,"A link will be emailed once you RSVP,New York,NY"
NJ,Newark,972 Broad Street Newark,"972 Broad Street Newark,Newark,NJ"
NJ,Union,900 Green Lane,"900 Green Lane,Union,NJ"
NJ,Hoboken,50 Harrison St,"50 Harrison St,Hoboken,NJ"
NJ,Union,900 Green Ln,"900 Green Ln,Union,NJ"
NJ,Newark,183 So Orange Avenue,"183 So Orange Avenue,Newark,NJ"
NY,New York City,Zoom,"Zoom,New York City,NY"
NY,New York,120 Walker St,"120 Walker St,New York,NY"
NY,New York,75 Christopher St (at 7th Ave),"75 Christopher St (at 7th Ave),New York,NY"
NY,New York,ONLINE LINK will be emailed after RSVP,"ONLINE LINK will be emailed after RSVP,New York,NY"
NY,New York,ONLINE LINK will be emailed after RSVP,"ONLINE LINK will be emailed after RSVP,New York,NY"
NY,Brooklyn,220 Cadman Plaza W,"220 Cadman Plaza W,Brooklyn,NY"
NY,New York,Your Home/Office Location,"Your Home/Office Location,New York,NY"
NY,New York,ONLINE LINK will be emailed after RSVP,"ONLINE LINK will be emailed after RSVP,New York,NY"
NY,Brooklyn,80 Dekalb Ave,"80 Dekalb Ave,Brooklyn,NY"
NY,New York,1407 Broadway,"1407 Broadway,New York,NY"
NJ,Hoboken,259 14th St,"259 14th St,Hoboken,NJ"
NJ,Newark,14 Rector Street,"14 Rector Street,Newark,NJ"
NJ,Hoboken,901 Park Ave,"901 Park Ave,Hoboken,NJ"
NJ,Lodi,460 Passaic Avenue,"460 Passaic Avenue,Lodi,NJ"
NJ,Hoboken,901 Park Ave,"901 Park Ave,Hoboken,NJ"
NJ,Lodi,460 Passaic Avenue,"460 Passaic Avenue,Lodi,NJ"
NJ,West Orange,Crest Dr,"Crest Dr,West Orange,NJ"
NJ,Union,1000 Morris Ave,"1000 Morris Ave,Union,NJ"
NJ,West Orange,253 Main St,"253 Main St,West Orange,NJ"
NJ,West Orange,253 Main St,"253 Main St,West Orange,NJ"
NJ,Bayonne,1075 Broadway,"1075 Broadway,Bayonne,NJ"
NJ,Jersey City,321 Communipaw Ave,"321 Communipaw Ave,Jersey City,NJ"
NJ,Chatham,368 Main Street,"368 Main Street,Chatham,NJ"
NJ,Maplewood,64 Cherry Ln,"64 Cherry Ln,Maplewood,NJ"
NJ,Lyndhurst,"420 Valley Brook Avenue, Lyndhurst 07071","420 Valley Brook Avenue, Lyndhurst 07071,Lyndhurst,NJ"
NJ,Montclair,127 Valley Road,"127 Valley Road,Montclair,NJ"
NJ,Vauxhall,2933 Vauxhall Road,"2933 Vauxhall Road,Vauxhall,NJ"
NJ,West Orange,Prospect & Eagle Rock Ave,"Prospect & Eagle Rock Ave,West Orange,NJ"
NJ,Jersey City,870 Montgomery St,"870 Montgomery St,Jersey City,NJ"
NJ,Hoboken,316 Washington St,"316 Washington St,Hoboken,NJ"
NJ,Clifton,718 Clifton Ave,"718 Clifton Ave,Clifton,NJ"
NJ,Union,501 Green Ln,"501 Green Ln,Union,NJ"
NJ,Jersey City,426 Jersey Ave,"426 Jersey Ave,Jersey City,NJ"
NJ,West Caldwell,42 Fairfield Place,"42 Fairfield Place,West Caldwell,NJ"
NJ,Cranford,29 Alden Street ,"29 Alden Street ,Cranford,NJ"
NJ,Cranford,29 Alden Street ,"29 Alden Street ,Cranford,NJ"
NJ,Columbia,89 Mount Pleasant Road,"89 Mount Pleasant Road,Columbia,NJ"
NJ,Secaucus,151 Front St,"151 Front St,Secaucus,NJ"
NJ,Caldwell,326 Bloomfield Ave,"326 Bloomfield Ave,Caldwell,NJ"
NJ,Jersey City,143 Christopher Columbus Dr,"143 Christopher Columbus Dr,Jersey City,NJ"
NJ,Clifton,709 Van Houten Ave,"709 Van Houten Ave,Clifton,NJ"
NJ,Fairfield,118 US-46,"118 US-46,Fairfield,NJ"
NJ,Maplewood,600 Ridgewood Rd,"600 Ridgewood Rd,Maplewood,NJ"
NJ,Maplewood,1970 Springfield Ave,"1970 Springfield Ave,Maplewood,NJ"
NJ,Maplewood,1970 Springfield Ave,"1970 Springfield Ave,Maplewood,NJ"
NJ,Lyndhurst,455 Valley Brook Ave,"455 Valley Brook Ave,Lyndhurst,NJ"
NJ,North Bergen,3167 John F. Kennedy Blvd,"3167 John F. Kennedy Blvd,North Bergen,NJ"
NJ,Upper Montclair,Bellevue avenue,"Bellevue avenue,Upper Montclair,NJ"
NJ,UNION CITY,507 43RD TS. 7th floor,"507 43RD TS. 7th floor,UNION CITY,NJ"
NJ,Jersey City,535 Washington Blvd. ,"535 Washington Blvd. ,Jersey City,NJ"
NJ,Fairfield,333A Route 46 West Suite 255,"333A Route 46 West Suite 255,Fairfield,NJ"
NJ,Jersey City,29 McWilliams Pl.,"29 McWilliams Pl.,Jersey City,NJ"
NJ,Nutley,7 High St,"7 High St,Nutley,NJ"
NJ,Jersey City,"189 Brunswick St, 3rd Floor","189 Brunswick St, 3rd Floor,Jersey City,NJ"
NJ,Hoboken,300 Observer Hwy,"300 Observer Hwy,Hoboken,NJ"
NJ,Bayonne,185 John F. Kennedy Blvd,"185 John F. Kennedy Blvd,Bayonne,NJ"
NJ,Union,1023 Stuyvesant Ave,"1023 Stuyvesant Ave,Union,NJ"
NJ,Hoboken,1012 Grand St,"1012 Grand St,Hoboken,NJ"
NJ,Newark,972 Broad Street Newark,"972 Broad Street Newark,Newark,NJ"
NJ,Union,900 Green Lane,"900 Green Lane,Union,NJ"
NJ,Newark,183 So Orange Avenue,"183 So Orange Avenue,Newark,NJ"
NJ,Union,900 Green Ln,"900 Green Ln,Union,NJ"
NJ,Livingston ,615 S Livingston Ave,"615 S Livingston Ave,Livingston ,NJ"
NJ,Hoboken,50 Harrison St,"50 Harrison St,Hoboken,NJ"
NJ,Fairfield,55 Lane Rd,"55 Lane Rd,Fairfield,NJ"
NJ,Hoboken,259 14th St,"259 14th St,Hoboken,NJ"
NJ,New Brunswick,51 US Hwy 1,"51 US Hwy 1,New Brunswick,NJ"
NJ,Edison,Main St,"Main St,Edison,NJ"
NJ,edison,1551 US Highway 1 South,"1551 US Highway 1 South,edison,NJ"
NJ,Metuchen,215 Durham Avenue,"215 Durham Avenue,Metuchen,NJ"
NJ,South Plainfield,25 Davis Street,"25 Davis Street,South Plainfield,NJ"
NJ,Edison,Pierson Ave,"Pierson Ave,Edison,NJ"
NJ,East Rutherford,1 Racetrack Drive,"1 Racetrack Drive,East Rutherford,NJ"
NJ,Edison ,Contact Scott,"Contact Scott,Edison ,NJ"
NJ,Piscataway,54 Joyce Kilmer Avenue,"54 Joyce Kilmer Avenue,Piscataway,NJ"
NJ,Piscataway,54 Joyce Kilmer Avenue,"54 Joyce Kilmer Avenue,Piscataway,NJ"
NJ,South River,284 Whitehead Avenue  (485 Whitehead Avenue for GPS),"284 Whitehead Avenue  (485 Whitehead Avenue for GPS),South River,NJ"
NJ,South River,284 Whitehead Avenue (485 Whitehead Avenue for GPS) ,"284 Whitehead Avenue (485 Whitehead Avenue for GPS) ,South River,NJ"
NJ,Warren,100 Town Center Dr,"100 Town Center Dr,Warren,NJ"
NJ,North Brunswick Township,579 Riva Ave,"579 Riva Ave,North Brunswick Township,NJ"
NJ,North Brunswick Township,231 Main St,"231 Main St,North Brunswick Township,NJ"
NJ,Somerset,1045 Easton Ave,"1045 Easton Ave,Somerset,NJ"
NJ,Somerset,1045 Easton Ave,"1045 Easton Ave,Somerset,NJ"
NJ,Piscataway,1050 Stelton Rd. ,"1050 Stelton Rd. ,Piscataway,NJ"
NJ,Piscataway,44 Stelton Rd #215,"44 Stelton Rd #215,Piscataway,NJ"
NY,New York,55 Church St,"55 Church St,New York,NY"
NJ,Hoboken,901 Park Ave,"901 Park Ave,Hoboken,NJ"
NY,New York,  569 Hudson St,"  569 Hudson St,New York,NY"
NJ,Hoboken,901 Park Ave,"901 Park Ave,Hoboken,NJ"
NY,New York,27 W 24th St Suite 800B,"27 W 24th St Suite 800B,New York,NY"
NJ,Lodi,460 Passaic Avenue,"460 Passaic Avenue,Lodi,NJ"
NY,New York,Your Guide will meet you when you get out from the train at Poughkeepsie,"Your Guide will meet you when you get out from the train at Poughkeepsie,New York,NY"
NY,New York,90 West 42nd Street (Across from Grand Central),"90 West 42nd Street (Across from Grand Central),New York,NY"
NJ,Lodi,460 Passaic Avenue,"460 Passaic Avenue,Lodi,NJ"
NY,Brooklyn,1 Oak St,"1 Oak St,Brooklyn,NY"
NY,New York,Flushing Meadows Pedestrian Bridge & Roosevelt Ave,"Flushing Meadows Pedestrian Bridge & Roosevelt Ave,New York,NY"
NJ,Newark,14 Rector Street,"14 Rector Street,Newark,NJ"
NY,New York,Online,"Online,New York,NY"
NY,New York,185 Madison Ave Floor 3,"185 Madison Ave Floor 3,New York,NY"
NY,New York,Online Webinar - See Below for Registration Details,"Online Webinar - See Below for Registration Details,New York,NY"
NY,New York,Remote,"Remote,New York,NY"
NY,New York,Online,"Online,New York,NY"
NY,New York,Online,"Online,New York,NY"
NY,New York,18 Bleecker Street,"18 Bleecker Street,New York,NY"
NY,New York,Online,"Online,New York,NY"
NY,New York,Online,"Online,New York,NY"
NY,New York,470 Park Ave South,"470 Park Ave South,New York,NY"
NY,New York,"350 West Broadway, NY 10013","350 West Broadway, NY 10013,New York,NY"
NY,New York,519 8th Avenue 2nd floor,"519 8th Avenue 2nd floor,New York,NY"
NY,New York,Online,"Online,New York,NY"
NY,New York,185 Madison Ave,"185 Madison Ave,New York,NY"
NY,New York,115 W 30th Street 5th floor,"115 W 30th Street 5th floor,New York,NY"
NY,New York,Online,"Online,New York,NY"
NY,New York,224 West 4th street Second Floor,"224 West 4th street Second Floor,New York,NY"
NY,New York,"137 West 14th Street, 2nd Floor","137 West 14th Street, 2nd Floor,New York,NY"
NJ,Jersey City,107 Morgan St,"107 Morgan St,Jersey City,NJ"
NJ,Bayonne,1075 Broadway,"1075 Broadway,Bayonne,NJ"
NY,New York,742 10th Ave (between 50 and 51 Sts.,"742 10th Ave (between 50 and 51 Sts.,New York,NY"
NY,Brooklyn,695 5th Ave,"695 5th Ave,Brooklyn,NY"
NY,New York,10 Columbus Cir,"10 Columbus Cir,New York,NY"
NJ,Teaneck,687 Larch Ave,"687 Larch Ave,Teaneck,NJ"
NY,New York,10 South William St,"10 South William St,New York,NY"
NY,New York,link in description of event,"link in description of event,New York,NY"
NY,New York,1000 5th Avenue,"1000 5th Avenue,New York,NY"
NY,New York,51 W 14th St #3r,"51 W 14th St #3r,New York,NY"
NY,New York,See Description Box for,"See Description Box for,New York,NY"
NY,Astoria,3801 35th Ave,"3801 35th Ave,Astoria,NY"
NY,New York,61 W 62nd St,"61 W 62nd St,New York,NY"
NY,"Riverdale, Bronx",5521 Mosholu Avenue ,"5521 Mosholu Avenue ,Riverdale, Bronx,NY"
NY,New York,Web-Based Remote Event,"Web-Based Remote Event,New York,NY"
NY,New York,79th St.,"79th St.,New York,NY"
NY,New York,754 5th Ave,"754 5th Ave,New York,NY"
NY,New York,119 MacDougal Street,"119 MacDougal Street,New York,NY"
NY,New York,275 Greenwich Street,"275 Greenwich Street,New York,NY"
NY,New York,1890 Broadway,"1890 Broadway,New York,NY"
NY,New York,E 71st St,"E 71st St,New York,NY"
NY,New York,38 West 32nd Street,"38 West 32nd Street,New York,NY"
NY,New York,38 W 32nd St. #1212,"38 W 32nd St. #1212,New York,NY"
NY,New York,247 W 37th St,"247 W 37th St,New York,NY"
NY,New York,Web-Based Remote Event,"Web-Based Remote Event,New York,NY"
NY,New York,111 East 33rd St.,"111 East 33rd St.,New York,NY"
NY,New York,158 E. 115th Street,"158 E. 115th Street,New York,NY"
NJ,Jersey City,143 Christopher Columbus Dr,"143 Christopher Columbus Dr,Jersey City,NJ"
NY,Brooklyn,"147 Prince Street, 4th Floor","147 Prince Street, 4th Floor,Brooklyn,NY"
NY,New York,484 W 43rd St,"484 W 43rd St,New York,NY"
NY,Brooklyn,769 Washington Avenue,"769 Washington Avenue,Brooklyn,NY"
NY,Brooklyn,227 Utica Avenue,"227 Utica Avenue,Brooklyn,NY"
NJ,Clifton,709 Van Houten Ave,"709 Van Houten Ave,Clifton,NJ"
NY,New York,939 Lexington Avenue (between E. 68th & E. 69th Streets),"939 Lexington Avenue (between E. 68th & E. 69th Streets),New York,NY"
NY,New York,Virtual Online Meeting,"Virtual Online Meeting,New York,NY"
NY,Manhattan,425 Avenue of the Americas (Sixth Avenue and 10th Street,"425 Avenue of the Americas (Sixth Avenue and 10th Street,Manhattan,NY"
NJ,North Bergen,3167 John F. Kennedy Blvd,"3167 John F. Kennedy Blvd,North Bergen,NJ"
NY,New York,115 W 45th St,"115 W 45th St,New York,NY"
NY,New York,Amsterdam Ave. between 110 - 111th Streets,"Amsterdam Ave. between 110 - 111th Streets,New York,NY"
NY,New York,"177 E. 87th St/1556 3rd Ave, Suite 302A","177 E. 87th St/1556 3rd Ave, Suite 302A,New York,NY"
NY,Manhattan,Manhattan,"Manhattan,Manhattan,NY"
NY,New York,11 East 33rd Street,"11 East 33rd Street,New York,NY"
NJ,Lyndhurst,455 Valley Brook Ave,"455 Valley Brook Ave,Lyndhurst,NJ"
NY,Brooklyn,Email or text,"Email or text,Brooklyn,NY"
NY,Brooklyn,440 4th ave ,"440 4th ave ,Brooklyn,NY"
NY,New York,119 Chambers St,"119 Chambers St,New York,NY"
NY,Brooklyn ,591 Central Ave Unit 1,"591 Central Ave Unit 1,Brooklyn ,NY"
NY,Brooklyn,Address to be given via text,"Address to be given via text,Brooklyn,NY"
NY,Queens,41-17 Main Street,"41-17 Main Street,Queens,NY"
NY,Brooklyn ,591 Central Ave Unit 1,"591 Central Ave Unit 1,Brooklyn ,NY"
NY,New York,247 West 36th Street 6th Floor,"247 West 36th Street 6th Floor,New York,NY"
NY,New York,2061 Broadway (71st - 72nd Street),"2061 Broadway (71st - 72nd Street),New York,NY"
NY,New York,"275 7th Ave (at 26th st) New York, NY","275 7th Ave (at 26th st) New York, NY,New York,NY"
NJ,Teaneck,687 Larch Ave,"687 Larch Ave,Teaneck,NJ"
NJ,UNION CITY,507 43RD TS. 7th floor,"507 43RD TS. 7th floor,UNION CITY,NJ"
NY,New York,79 Franklin St,"79 Franklin St,New York,NY"
NY,New York,"55 East 52nd Street, New York, NY","55 East 52nd Street, New York, NY,New York,NY"
NY,New York,151 West 30th Street  3rd Floor (6-7th Aves) ,"151 West 30th Street  3rd Floor (6-7th Aves) ,New York,NY"
NY,New York,Address provided w/RSVP confirmation,"Address provided w/RSVP confirmation,New York,NY"
NY,New York,347 E 72nd St,"347 E 72nd St,New York,NY"
NY,New York,191 Canal St,"191 Canal St,New York,NY"
NY,New York,"56 West 45th Street, Suite 1703","56 West 45th Street, Suite 1703,New York,NY"
NY,New York,599 Broadway,"599 Broadway,New York,NY"
NY,New York,1551 3rd Ave,"1551 3rd Ave,New York,NY"
NY,New York,4 Union Square E S,"4 Union Square E S,New York,NY"
NY,Brooklyn,305 Schermerhorn St,"305 Schermerhorn St,Brooklyn,NY"
NY,New York ,1085 5th Avenue ,"1085 5th Avenue ,New York ,NY"
NY,Brooklyn,273 13th Street,"273 13th Street,Brooklyn,NY"
NY,New York,1678 3rd Ave,"1678 3rd Ave,New York,NY"
NY,New York,Central Park,"Central Park,New York,NY"
NY,New York,158 E 115th St,"158 E 115th St,New York,NY"
NY,New York,Grand Army Plaza,"Grand Army Plaza,New York,NY"
NY,New York,Online,"Online,New York,NY"
NY,New York,Internet,"Internet,New York,NY"
NJ,Hoboken,1012 Grand St,"1012 Grand St,Hoboken,NJ"
NY,New York,102 W 73rd St,"102 W 73rd St,New York,NY"
NY,New York ,558 Broadway Avenue,"558 Broadway Avenue,New York ,NY"
NY,New York,Brooklyn,"Brooklyn,New York,NY"
NY,New York,Central Park West at the corner of W. 85th Street ,"Central Park West at the corner of W. 85th Street ,New York,NY"
NY,New York,350 W 50th St,"350 W 50th St,New York,NY"
NY,New York,60 E 41st St,"60 E 41st St,New York,NY"
NY,New York,W 67th St,"W 67th St,New York,NY"
NY,Brooklyn,(Mickey will email or private message full sign-in information for this video conference.),"(Mickey will email or private message full sign-in information for this video conference.),Brooklyn,NY"
NY,New York,44 W 17th St,"44 W 17th St,New York,NY"
NY,New York,"95 Delancey Street (On the corner of Delancey & Ludlow), New York, NY ","95 Delancey Street (On the corner of Delancey & Ludlow), New York, NY ,New York,NY"
NY,New York,405 W 44th St,"405 W 44th St,New York,NY"
NY,Woodside,49-10 Skillman ave. ,"49-10 Skillman ave. ,Woodside,NY"
NY,Brooklyn,647 Grand St,"647 Grand St,Brooklyn,NY"
NY,New York,77 E 7th St,"77 E 7th St,New York,NY"
NY,New York City,Zoom,"Zoom,New York City,NY"
NY,New York,Columbus Cir,"Columbus Cir,New York,NY"
NY,New York,ONLINE LINK will be emailed after RSVP,"ONLINE LINK will be emailed after RSVP,New York,NY"
NY,New York,1407 Broadway,"1407 Broadway,New York,NY"
NY,New York,ONLINE LINK will be emailed after RSVP,"ONLINE LINK will be emailed after RSVP,New York,NY"
NY,New York,A link will be emailed once you RSVP,"A link will be emailed once you RSVP,New York,NY"
NY,New York,ONLINE LINK will be emailed after RSVP,"ONLINE LINK will be emailed after RSVP,New York,NY"
AL,New York,845 3rd Avenue #6th Floor,"845 3rd Avenue #6th Floor,New York,AL"
NY,New York,Address Provided After RSVP,"Address Provided After RSVP,New York,NY"
NY,New York,75 Christopher St (at 7th Ave),"75 Christopher St (at 7th Ave),New York,NY"
NY,New York ,ONLINE,"ONLINE,New York ,NY"
NY,New York,120 Walker St,"120 Walker St,New York,NY"
NJ,Hackensack,515 Essex St,"515 Essex St,Hackensack,NJ"
NJ,Hoboken,50 Harrison St,"50 Harrison St,Hoboken,NJ"
NY,New York,353 W 48th St,"353 W 48th St,New York,NY"
NY,NYC,Near Empire State Building ,"Near Empire State Building ,NYC,NY"
NJ,Weehawken,"Lincoln Harbor, Pier D-T","Lincoln Harbor, Pier D-T,Weehawken,NJ"
NY,New York,250 Park Ave,"250 Park Ave,New York,NY"
NJ,Jersey City,107 Morgan St,"107 Morgan St,Jersey City,NJ"
NJ,Bayonne,1075 Broadway,"1075 Broadway,Bayonne,NJ"
NY,Brooklyn,695 5th Ave,"695 5th Ave,Brooklyn,NY"
NY,New York,742 10th Ave (between 50 and 51 Sts.,"742 10th Ave (between 50 and 51 Sts.,New York,NY"
NY,Brooklyn,"6th Ave, 1st St - Park Slope","6th Ave, 1st St - Park Slope,Brooklyn,NY"
NY,New York,"64 Fulton Street, Suite, 400, press 4 on the buzzer","64 Fulton Street, Suite, 400, press 4 on the buzzer,New York,NY"
NY,Roosevelt Island,"546 Main Street, New York, NY 10044","546 Main Street, New York, NY 10044,Roosevelt Island,NY"
NY,Brooklyn,628 Metropolitan Avenue,"628 Metropolitan Avenue,Brooklyn,NY"
NY,New York,177 East 87th St  204,"177 East 87th St  204,New York,NY"
NY,New York,191 Canal St,"191 Canal St,New York,NY"
NJ,Lyndhurst,"420 Valley Brook Avenue, Lyndhurst 07071","420 Valley Brook Avenue, Lyndhurst 07071,Lyndhurst,NJ"
NY,New York,150 W 28th St suite 1101 b,"150 W 28th St suite 1101 b,New York,NY"
NY,New York,672 9th Ave,"672 9th Ave,New York,NY"
NY,New York,..,"..,New York,NY"
NY,New York,240 East 53rd Street (bet. 2nd & 3rd Avenues),"240 East 53rd Street (bet. 2nd & 3rd Avenues),New York,NY"
NY,Brooklyn,8206 3rd Ave,"8206 3rd Ave,Brooklyn,NY"
NY,New York,150W W 28th St,"150W W 28th St,New York,NY"
NJ,Jersey City,870 Montgomery St,"870 Montgomery St,Jersey City,NJ"
NY,New York," Terrace Dr. New York, NY 10024"," Terrace Dr. New York, NY 10024,New York,NY"
NY,New York,Washington Square,"Washington Square,New York,NY"
NY,New York,Amsterdam Ave,"Amsterdam Ave,New York,NY"
NY,Brooklyn,776 Lorimer St,"776 Lorimer St,Brooklyn,NY"
NY,New York,281 Main Street,"281 Main Street,New York,NY"
NY,Brooklyn,776 Lorimer St.,"776 Lorimer St.,Brooklyn,NY"
NY,Brooklyn,776 Lorimer St,"776 Lorimer St,Brooklyn,NY"
NY,Long Island City,50th Ave,"50th Ave,Long Island City,NY"
NY,New York,86th St Transverse,"86th St Transverse,New York,NY"
NY,Astoria,Astoria Park S & 18th Street,"Astoria Park S & 18th Street,Astoria,NY"
NY,BRooklyn,275 S2nd St ,"275 S2nd St ,BRooklyn,NY"
NY,New York,103rd Street and Riverside Dr.,"103rd Street and Riverside Dr.,New York,NY"
NY,New York,10 Columbus Cir,"10 Columbus Cir,New York,NY"
NY,New York,10 South William St,"10 South William St,New York,NY"
NY,New York,link in description of event,"link in description of event,New York,NY"
NJ,Teaneck,687 Larch Ave,"687 Larch Ave,Teaneck,NJ"
NY,New York,1000 5th Avenue,"1000 5th Avenue,New York,NY"
NY,New York,51 W 14th St #3r,"51 W 14th St #3r,New York,NY"
NY,New York,939 Lexington Avenue (between E. 68th & E. 69th Streets),"939 Lexington Avenue (between E. 68th & E. 69th Streets),New York,NY"
NY,New York,Virtual Online Meeting,"Virtual Online Meeting,New York,NY"
NY,Manhattan,425 Avenue of the Americas (Sixth Avenue and 10th Street,"425 Avenue of the Americas (Sixth Avenue and 10th Street,Manhattan,NY"
NY,New York,250 Greenwich St Floor 46,"250 Greenwich St Floor 46,New York,NY"
NJ,North Bergen,3167 John F. Kennedy Blvd,"3167 John F. Kennedy Blvd,North Bergen,NJ"
NY,New York,115 W 45th St,"115 W 45th St,New York,NY"
NY,New York,Amsterdam Ave. between 110 - 111th Streets,"Amsterdam Ave. between 110 - 111th Streets,New York,NY"
NY,New York,"177 E. 87th St/1556 3rd Ave, Suite 302A","177 E. 87th St/1556 3rd Ave, Suite 302A,New York,NY"
NY,Brooklyn,440 4th ave ,"440 4th ave ,Brooklyn,NY"
NY,Manhattan,Manhattan,"Manhattan,Manhattan,NY"
NY,New York,11 East 33rd Street,"11 East 33rd Street,New York,NY"
NY,Brooklyn,Email or text,"Email or text,Brooklyn,NY"
NY,Brooklyn,Address to be given via text,"Address to be given via text,Brooklyn,NY"
NY,Brooklyn ,591 Central Ave Unit 1,"591 Central Ave Unit 1,Brooklyn ,NY"
NJ,Lyndhurst,455 Valley Brook Ave,"455 Valley Brook Ave,Lyndhurst,NJ"
NY,New York,1234,"1234,New York,NY"
NY,Brooklyn ,591 Central Ave Unit 1,"591 Central Ave Unit 1,Brooklyn ,NY"
NY,New York,119 Chambers St,"119 Chambers St,New York,NY"
NY,New York,1678 3rd Ave,"1678 3rd Ave,New York,NY"
NY,New York,Central Park,"Central Park,New York,NY"
NJ,Bayonne,185 John F. Kennedy Blvd,"185 John F. Kennedy Blvd,Bayonne,NJ"
NY,New York,158 E 115th St,"158 E 115th St,New York,NY"
NY,New York,Internet,"Internet,New York,NY"
NY,New York,Grand Army Plaza,"Grand Army Plaza,New York,NY"
NY,Brooklyn,(Mickey will email or private message full sign-in information for this video conference.),"(Mickey will email or private message full sign-in information for this video conference.),Brooklyn,NY"
NY,New York,Online,"Online,New York,NY"
NJ,Hoboken,1012 Grand St,"1012 Grand St,Hoboken,NJ"
NY,New York,Brooklyn,"Brooklyn,New York,NY"
NY,New York,102 W 73rd St,"102 W 73rd St,New York,NY"
NY,New York ,558 Broadway Avenue,"558 Broadway Avenue,New York ,NY"
NY,New York,Central Park West at the corner of W. 85th Street ,"Central Park West at the corner of W. 85th Street ,New York,NY"
NY,New York,350 W 50th St,"350 W 50th St,New York,NY"
NY,New York,60 E 41st St,"60 E 41st St,New York,NY"
NY,New York,W 67th St,"W 67th St,New York,NY"
NY,New York,44 W 17th St,"44 W 17th St,New York,NY"
NY,New York,"95 Delancey Street (On the corner of Delancey & Ludlow), New York, NY ","95 Delancey Street (On the corner of Delancey & Ludlow), New York, NY ,New York,NY"
NY,Brooklyn,647 Grand St,"647 Grand St,Brooklyn,NY"
NY,New York,405 W 44th St,"405 W 44th St,New York,NY"
NY,Woodside,49-10 Skillman ave. ,"49-10 Skillman ave. ,Woodside,NY"
NY,New York,77 E 7th St,"77 E 7th St,New York,NY"
NJ,New Brunswick,51 US Hwy 1,"51 US Hwy 1,New Brunswick,NJ"
NY,Staten Island,1001 Richmond Hill Rd,"1001 Richmond Hill Rd,Staten Island,NY"
NJ,Matawan,27 Freneau Ave,"27 Freneau Ave,Matawan,NJ"
NJ,Edison,Main St,"Main St,Edison,NJ"
NJ,edison,1551 US Highway 1 South,"1551 US Highway 1 South,edison,NJ"
NJ,Edison,Pierson Ave,"Pierson Ave,Edison,NJ"
NY,Staten Island,2655 Richmond Ave Suite 1590,"2655 Richmond Ave Suite 1590,Staten Island,NY"
NY,Staten Island,15 Giffords Ln,"15 Giffords Ln,Staten Island,NY"
NJ,Edison ,Contact Scott,"Contact Scott,Edison ,NJ"
NJ,East Rutherford,1 Racetrack Drive,"1 Racetrack Drive,East Rutherford,NJ"
NJ,Piscataway,54 Joyce Kilmer Avenue,"54 Joyce Kilmer Avenue,Piscataway,NJ"
NJ,Piscataway,54 Joyce Kilmer Avenue,"54 Joyce Kilmer Avenue,Piscataway,NJ"
NJ,Matawan,"169 Main Street, Ste 105","169 Main Street, Ste 105,Matawan,NJ"
NJ,South River,284 Whitehead Avenue  (485 Whitehead Avenue for GPS),"284 Whitehead Avenue  (485 Whitehead Avenue for GPS),South River,NJ"
NJ,South River,284 Whitehead Avenue (485 Whitehead Avenue for GPS) ,"284 Whitehead Avenue (485 Whitehead Avenue for GPS) ,South River,NJ"
NJ,Parlin,807 Washington Rd,"807 Washington Rd,Parlin,NJ"
NJ,Rahway,IRVING ST,"IRVING ST,Rahway,NJ"
NJ,Piscataway,1050 Stelton Rd. ,"1050 Stelton Rd. ,Piscataway,NJ"
TX,Houston,"1200 Travis St, Fl. 22 (Travis & Dallas)","1200 Travis St, Fl. 22 (Travis & Dallas),Houston,TX"
NJ,Mountainside,New Providence Road,"New Providence Road,Mountainside,NJ"
NJ,Mountainside,452 New Providence Rd,"452 New Providence Rd,Mountainside,NJ"
NJ,New Providence,377 Elkwood Ave,"377 Elkwood Ave,New Providence,NJ"
NJ,Chatham,368 Main Street,"368 Main Street,Chatham,NJ"
NJ,Edison,Pierson Ave,"Pierson Ave,Edison,NJ"
NJ,Warren,100 Town Center Dr,"100 Town Center Dr,Warren,NJ"
NJ,Rahway,IRVING ST,"IRVING ST,Rahway,NJ"
NJ,Ridgewood,14 Hope Street,"14 Hope Street,Ridgewood,NJ"
NJ,Lyndhurst,"420 Valley Brook Avenue, Lyndhurst 07071","420 Valley Brook Avenue, Lyndhurst 07071,Lyndhurst,NJ"
NY,New York,177 East 87th St  204,"177 East 87th St  204,New York,NY"
NY,New York,Morningside Dr,"Morningside Dr,New York,NY"
NJ,tenafly,Jefferson and virgiinia street ,"Jefferson and virgiinia street ,tenafly,NJ"
NY,New York,Amsterdam Ave,"Amsterdam Ave,New York,NY"
NY,New York,103rd Street and Riverside Dr.,"103rd Street and Riverside Dr.,New York,NY"
NY,New York,Northwest Corner,"Northwest Corner,New York,NY"
NY,New York," Terrace Dr. New York, NY 10024"," Terrace Dr. New York, NY 10024,New York,NY"
NY,New York,86th St Transverse,"86th St Transverse,New York,NY"
NJ,Clifton,718 Clifton Ave,"718 Clifton Ave,Clifton,NJ"
NY,New York,2 East 90th Street,"2 East 90th Street,New York,NY"
NY,New York,86th St Transverse,"86th St Transverse,New York,NY"
NY,New York,New York,"New York,New York,NY"
NY,New York,72 Terrace Dr,"72 Terrace Dr,New York,NY"
NY,New York,75 Great Lawn Oval,"75 Great Lawn Oval,New York,NY"
NY,New York,W 54th St,"W 54th St,New York,NY"
NY,New York,100 West 77th Street,"100 West 77th Street,New York,NY"
NY,New York,SouthEast Corner of Central Park. (5th Ave & 59th St.),"SouthEast Corner of Central Park. (5th Ave & 59th St.),New York,NY"
NY,New York,1000 5th Avenue,"1000 5th Avenue,New York,NY"
NY,New York,105th and Broadway ,"105th and Broadway ,New York,NY"
NJ,Secaucus,151 Front St,"151 Front St,Secaucus,NJ"
NY,New York,257 W 88th St,"257 W 88th St,New York,NY"
NY,New York,626 10th Ave,"626 10th Ave,New York,NY"
NJ,Columbia,89 Mount Pleasant Road,"89 Mount Pleasant Road,Columbia,NJ"
NY,New York,Morningside Dr,"Morningside Dr,New York,NY"
NY,New York,939 Lexington Avenue (between E. 68th & E. 69th Streets),"939 Lexington Avenue (between E. 68th & E. 69th Streets),New York,NY"
NY,New York ,1085 5th Avenue ,"1085 5th Avenue ,New York ,NY"
NJ,Paramus,between Rt 17 North and from road.(Just of the GSP),"between Rt 17 North and from road.(Just of the GSP),Paramus,NJ"
NY,New York,158 E 115th St,"158 E 115th St,New York,NY"
NJ,Edison,Pierson Ave,"Pierson Ave,Edison,NJ"
NJ,Edison ,Contact Scott,"Contact Scott,Edison ,NJ"
NJ,East Rutherford,1 Racetrack Drive,"1 Racetrack Drive,East Rutherford,NJ"
NJ,Piscataway,54 Joyce Kilmer Avenue,"54 Joyce Kilmer Avenue,Piscataway,NJ"
NJ,Piscataway,54 Joyce Kilmer Avenue,"54 Joyce Kilmer Avenue,Piscataway,NJ"
NJ,Matawan,"169 Main Street, Ste 105","169 Main Street, Ste 105,Matawan,NJ"
NJ,Mountainside,New Providence Road,"New Providence Road,Mountainside,NJ"
NJ,Mountainside,452 New Providence Rd,"452 New Providence Rd,Mountainside,NJ"
NJ,Newark,14 Rector Street,"14 Rector Street,Newark,NJ"
NJ,Union,1000 Morris Ave,"1000 Morris Ave,Union,NJ"
NY,Staten Island,215 Schmidts Ln.,"215 Schmidts Ln.,Staten Island,NY"
NJ,Metuchen,215 Durham Avenue,"215 Durham Avenue,Metuchen,NJ"
NJ,Cranford,29 Alden Street ,"29 Alden Street ,Cranford,NJ"
NJ,Cranford,29 Alden Street ,"29 Alden Street ,Cranford,NJ"
NE,Staten Island,New Dorp Lane,"New Dorp Lane,Staten Island,NE"
NJ,Union,501 Green Ln,"501 Green Ln,Union,NJ"
NE,Berkeley Heights,"Berkeley Heights, New Jersey","Berkeley Heights, New Jersey,Berkeley Heights,NE"
NJ,Maplewood,600 Ridgewood Rd,"600 Ridgewood Rd,Maplewood,NJ"
NY,Staten Island,1600 Hylan Boulevard,"1600 Hylan Boulevard,Staten Island,NY"
NJ,Bayonne,185 John F. Kennedy Blvd,"185 John F. Kennedy Blvd,Bayonne,NJ"
NJ,Union,1023 Stuyvesant Ave,"1023 Stuyvesant Ave,Union,NJ"
NJ,Jersey City,107 Morgan St,"107 Morgan St,Jersey City,NJ"
NJ,Bayonne,1075 Broadway,"1075 Broadway,Bayonne,NJ"
NJ,West Orange,253 Main St,"253 Main St,West Orange,NJ"
NJ,West Orange,253 Main St,"253 Main St,West Orange,NJ"
NY,New York,742 10th Ave (between 50 and 51 Sts.,"742 10th Ave (between 50 and 51 Sts.,New York,NY"
NY,Brooklyn,695 5th Ave,"695 5th Ave,Brooklyn,NY"
NY,New York,11 W 53rd St,"11 W 53rd St,New York,NY"
NY,New York,51 W 14th St #3r,"51 W 14th St #3r,New York,NY"
NY,New York,See Description Box for,"See Description Box for,New York,NY"
NY,New York,61 W 62nd St,"61 W 62nd St,New York,NY"
NY,New York,Virtual Online Meeting,"Virtual Online Meeting,New York,NY"
NY,New York,939 Lexington Avenue (between E. 68th & E. 69th Streets),"939 Lexington Avenue (between E. 68th & E. 69th Streets),New York,NY"
NJ,Maplewood,600 Ridgewood Rd,"600 Ridgewood Rd,Maplewood,NJ"
NY,Manhattan,425 Avenue of the Americas (Sixth Avenue and 10th Street,"425 Avenue of the Americas (Sixth Avenue and 10th Street,Manhattan,NY"
NJ,Bayonne,185 John F. Kennedy Blvd,"185 John F. Kennedy Blvd,Bayonne,NJ"
NY,New York,Central Park,"Central Park,New York,NY"
NY,New York,1678 3rd Ave,"1678 3rd Ave,New York,NY"
NY,New York,939 Lexington Avenue (between E. 68th & E. 69th Streets),"939 Lexington Avenue (between E. 68th & E. 69th Streets),New York,NY"
NY,Manhattan,425 Avenue of the Americas (Sixth Avenue and 10th Street,"425 Avenue of the Americas (Sixth Avenue and 10th Street,Manhattan,NY"
NY,New York,Virtual Online Meeting,"Virtual Online Meeting,New York,NY"
NY,New York,433 E 6th St,"433 E 6th St,New York,NY"
NY,New York ,1085 5th Avenue ,"1085 5th Avenue ,New York ,NY"
NY,New York,"920 3rd ave, 5th Floor","920 3rd ave, 5th Floor,New York,NY"
NJ,Edgewater,986 River Road,"986 River Road,Edgewater,NJ"
NY,New York,265 W 37th St,"265 W 37th St,New York,NY"
NY,New York ,1601 Broadway 11th floor ,"1601 Broadway 11th floor ,New York ,NY"
NY,New York,500 8th ave 3rd fl,"500 8th ave 3rd fl,New York,NY"
NJ,Nutley,7 High St,"7 High St,Nutley,NJ"
NJ,Jersey City,"189 Brunswick St, 3rd Floor","189 Brunswick St, 3rd Floor,Jersey City,NJ"
NJ,Hoboken,300 Observer Hwy,"300 Observer Hwy,Hoboken,NJ"
NY,New York,1678 3rd Ave,"1678 3rd Ave,New York,NY"
NY,New York,Central Park,"Central Park,New York,NY"
NY,New York,Grand Army Plaza,"Grand Army Plaza,New York,NY"
NY,New York,102 W 73rd St,"102 W 73rd St,New York,NY"
NY,New York,Central Park West at the corner of W. 85th Street ,"Central Park West at the corner of W. 85th Street ,New York,NY"
NY,New York,Online,"Online,New York,NY"
NJ,Hoboken,1012 Grand St,"1012 Grand St,Hoboken,NJ"
NY,New York,350 W 50th St,"350 W 50th St,New York,NY"
NY,New York,W 67th St,"W 67th St,New York,NY"
NY,New York,"95 Delancey Street (On the corner of Delancey & Ludlow), New York, NY ","95 Delancey Street (On the corner of Delancey & Ludlow), New York, NY ,New York,NY"
NY,New York,60 E 41st St,"60 E 41st St,New York,NY"
NY,New York,405 W 44th St,"405 W 44th St,New York,NY"
NY,New York,W 57th St,"W 57th St,New York,NY"
NY,New York ,558 Broadway Avenue,"558 Broadway Avenue,New York ,NY"
NY,New York,95 Delancey Street (On the corner of Delancey & Ludlow),"95 Delancey Street (On the corner of Delancey & Ludlow),New York,NY"
NY,Woodside,49-10 Skillman ave. ,"49-10 Skillman ave. ,Woodside,NY"
NY,New York,500 8th ave 3rd fl,"500 8th ave 3rd fl,New York,NY"
NY,New York,Brooklyn,"Brooklyn,New York,NY"
NY,New York,From home (your phone or computer),"From home (your phone or computer),New York,NY"
NY,New York,116 10th Ave,"116 10th Ave,New York,NY"
NJ,Vernon Township,200 NJ-94,"200 NJ-94,Vernon Township,NJ"
NJ,Newfoundland,Paterson Hamburg Turnpike,"Paterson Hamburg Turnpike,Newfoundland,NJ"
NJ,Newton,55 Newton Sparta Rd,"55 Newton Sparta Rd,Newton,NJ"
NY,New York,See Description Box for,"See Description Box for,New York,NY"
NY,Astoria,3801 35th Ave,"3801 35th Ave,Astoria,NY"
NY,New York,61 W 62nd St,"61 W 62nd St,New York,NY"
NY,New York,939 Lexington Avenue (between E. 68th & E. 69th Streets),"939 Lexington Avenue (between E. 68th & E. 69th Streets),New York,NY"
NY,New York,Virtual Online Meeting,"Virtual Online Meeting,New York,NY"
NY,Manhattan,425 Avenue of the Americas (Sixth Avenue and 10th Street,"425 Avenue of the Americas (Sixth Avenue and 10th Street,Manhattan,NY"
NY,New York,250 Greenwich St Floor 46,"250 Greenwich St Floor 46,New York,NY"
NY,New York ,1085 5th Avenue ,"1085 5th Avenue ,New York ,NY"
NY,Brooklyn,273 13th Street,"273 13th Street,Brooklyn,NY"
NY,New York,1678 3rd Ave,"1678 3rd Ave,New York,NY"
NY,New York,Central Park,"Central Park,New York,NY"
NY,New York,158 E 115th St,"158 E 115th St,New York,NY"
NY,Brooklyn,320 West 37th Street,"320 West 37th Street,Brooklyn,NY"
NY,New York,1095 Sixth Ave ,"1095 Sixth Ave ,New York,NY"
NY,New York,Cyberspace,"Cyberspace,New York,NY"
NY,Brooklyn,76 4th Ave (between Bergen and St. Marks),"76 4th Ave (between Bergen and St. Marks),Brooklyn,NY"
NY,New York,Morningside Dr,"Morningside Dr,New York,NY"
NY,New York,627 9th Avenue,"627 9th Avenue,New York,NY"
NY,New York,New York,"New York,New York,NY"
NY,New York,939 Lexington Avenue (between E. 68th & E. 69th Streets),"939 Lexington Avenue (between E. 68th & E. 69th Streets),New York,NY"
NY,New York,Virtual Online Meeting,"Virtual Online Meeting,New York,NY"
NY,Manhattan,425 Avenue of the Americas (Sixth Avenue and 10th Street,"425 Avenue of the Americas (Sixth Avenue and 10th Street,Manhattan,NY"
NY,Staten Island,1600 Hylan Boulevard,"1600 Hylan Boulevard,Staten Island,NY"
NY,New York,250 Greenwich St Floor 46,"250 Greenwich St Floor 46,New York,NY"
NY,New York,1678 3rd Ave,"1678 3rd Ave,New York,NY"
NY,New York,11 W 53rd St,"11 W 53rd St,New York,NY"
NE,New York,"177 Prince St, New York, NY 10012","177 Prince St, New York, NY 10012,New York,NE"
NY,Brooklyn,Prospect Park,"Prospect Park,Brooklyn,NY"
NJ,Fairview,394 Walker St,"394 Walker St,Fairview,NJ"
NJ,Jersey City,29 McWilliams Pl.,"29 McWilliams Pl.,Jersey City,NJ"
NY,Brooklyn,640 Classon Avenue,"640 Classon Avenue,Brooklyn,NY"
NE,Brooklyn,"Old Stone House, 336 3rd St, Brooklyn, NY 11215","Old Stone House, 336 3rd St, Brooklyn, NY 11215,Brooklyn,NE"
NY,New York,55 Church St,"55 Church St,New York,NY"
NJ,Hoboken,901 Park Ave,"901 Park Ave,Hoboken,NJ"
NY,New York,  569 Hudson St,"  569 Hudson St,New York,NY"
NJ,Hoboken,901 Park Ave,"901 Park Ave,Hoboken,NJ"
NY,New York,27 W 24th St Suite 800B,"27 W 24th St Suite 800B,New York,NY"
NY,New York,Flushing Meadows Pedestrian Bridge & Roosevelt Ave,"Flushing Meadows Pedestrian Bridge & Roosevelt Ave,New York,NY"
NY,New York,Your Guide will meet you when you get out from the train at Poughkeepsie,"Your Guide will meet you when you get out from the train at Poughkeepsie,New York,NY"
NY,New York,90 West 42nd Street (Across from Grand Central),"90 West 42nd Street (Across from Grand Central),New York,NY"
NY,Brooklyn,1 Oak St,"1 Oak St,Brooklyn,NY"
NJ,Lodi,460 Passaic Avenue,"460 Passaic Avenue,Lodi,NJ"
NY,Staten Island,Silver Lake Park Road/Corner of Forest Avenue,"Silver Lake Park Road/Corner of Forest Avenue,Staten Island,NY"
NJ,Newark,14 Rector Street,"14 Rector Street,Newark,NJ"
NJ,Lodi,460 Passaic Avenue,"460 Passaic Avenue,Lodi,NJ"
NY,New York,939 Lexington Avenue (between E. 68th & E. 69th Streets),"939 Lexington Avenue (between E. 68th & E. 69th Streets),New York,NY"
NY,New York,Virtual Online Meeting,"Virtual Online Meeting,New York,NY"
NY,Manhattan,425 Avenue of the Americas (Sixth Avenue and 10th Street,"425 Avenue of the Americas (Sixth Avenue and 10th Street,Manhattan,NY"
NJ,Jersey City,107 Morgan St,"107 Morgan St,Jersey City,NJ"
NY,New York,742 10th Ave (between 50 and 51 Sts.,"742 10th Ave (between 50 and 51 Sts.,New York,NY"
NY,New York,10 Columbus Cir,"10 Columbus Cir,New York,NY"
NJ,Teaneck,687 Larch Ave,"687 Larch Ave,Teaneck,NJ"
NY,New York,link in description of event,"link in description of event,New York,NY"
NY,New York,10 South William St,"10 South William St,New York,NY"
NY,New York,1000 5th Avenue,"1000 5th Avenue,New York,NY"
NY,New York,51 W 14th St #3r,"51 W 14th St #3r,New York,NY"
NY,New York,939 Lexington Avenue (between E. 68th & E. 69th Streets),"939 Lexington Avenue (between E. 68th & E. 69th Streets),New York,NY"
NY,Manhattan,425 Avenue of the Americas (Sixth Avenue and 10th Street,"425 Avenue of the Americas (Sixth Avenue and 10th Street,Manhattan,NY"
NY,New York,Virtual Online Meeting,"Virtual Online Meeting,New York,NY"
NY,New York ,1085 5th Avenue ,"1085 5th Avenue ,New York ,NY"
NY,New York,Grand Army Plaza,"Grand Army Plaza,New York,NY"
NY,New York,Online,"Online,New York,NY"
NY,New York,102 W 73rd St,"102 W 73rd St,New York,NY"
NY,New York,Central Park West at the corner of W. 85th Street ,"Central Park West at the corner of W. 85th Street ,New York,NY"
NY,New York,350 W 50th St,"350 W 50th St,New York,NY"
NY,New York,60 E 41st St,"60 E 41st St,New York,NY"
NY,New York,Brooklyn,"Brooklyn,New York,NY"
NY,New York,W 67th St,"W 67th St,New York,NY"
NJ,Hoboken,1012 Grand St,"1012 Grand St,Hoboken,NJ"
NY,New York,"95 Delancey Street (On the corner of Delancey & Ludlow), New York, NY ","95 Delancey Street (On the corner of Delancey & Ludlow), New York, NY ,New York,NY"
NY,New York ,558 Broadway Avenue,"558 Broadway Avenue,New York ,NY"
NY,New York,405 W 44th St,"405 W 44th St,New York,NY"
NY,Woodside,49-10 Skillman ave. ,"49-10 Skillman ave. ,Woodside,NY"
NY,New York,44 W 17th St,"44 W 17th St,New York,NY"
NY,Brooklyn,647 Grand St,"647 Grand St,Brooklyn,NY"
NY,New York,95 Delancey Street (On the corner of Delancey & Ludlow),"95 Delancey Street (On the corner of Delancey & Ludlow),New York,NY"
NY,Brooklyn,(Mickey will email or private message full sign-in information for this video conference.),"(Mickey will email or private message full sign-in information for this video conference.),Brooklyn,NY"
NY,New York,77 E 7th St,"77 E 7th St,New York,NY"
NY,New York,500 8th ave 3rd fl,"500 8th ave 3rd fl,New York,NY"
NY,Williamsville,5577 Main St,"5577 Main St,Williamsville,NY"
NY,Buffalo,1770 Hertel Ave #3002,"1770 Hertel Ave #3002,Buffalo,NY"
NY,Buffalo,880 Alberta Drive,"880 Alberta Drive,Buffalo,NY"
NY,Rochester,716 University Ave,"716 University Ave,Rochester,NY"
NY,Rochester,14 Maryknoll Park,"14 Maryknoll Park,Rochester,NY"
NY,Rochester,4358 Culver Rd,"4358 Culver Rd,Rochester,NY"
NY,East Rochester,505 West Spruce St,"505 West Spruce St,East Rochester,NY"
NY,Rochester,3910 Buffalo Rd,"3910 Buffalo Rd,Rochester,NY"
NY,Rochester,2000 Highland ,"2000 Highland ,Rochester,NY"
NY,Rochester,815 Park Ave,"815 Park Ave,Rochester,NY"
NY,Albany,195 New Karner Rd,"195 New Karner Rd,Albany,NY"
NY,Latham,605 Loudon Rd,"605 Loudon Rd,Latham,NY"
NY,Menands,595 Broadway,"595 Broadway,Menands,NY"
NY,Watervliet,1300 2nd Ave,"1300 2nd Ave,Watervliet,NY"
NY,Latham,3 Lear Jet Lane Suite 102A,"3 Lear Jet Lane Suite 102A,Latham,NY"
NY,Albany,161 Washington Ave Ext,"161 Washington Ave Ext,Albany,NY"
NY,Albany,1238 Central Avenue,"1238 Central Avenue,Albany,NY"
NY,Albany,1510 Central Ave Suite 107,"1510 Central Ave Suite 107,Albany,NY"
NY,Colonie,65 Wolf Rd #100,"65 Wolf Rd #100,Colonie,NY"
NJ,Jersey City,107 Morgan St,"107 Morgan St,Jersey City,NJ"
NJ,Bayonne,1075 Broadway,"1075 Broadway,Bayonne,NJ"
NY,Brooklyn,695 5th Ave,"695 5th Ave,Brooklyn,NY"
NY,New York,742 10th Ave (between 50 and 51 Sts.,"742 10th Ave (between 50 and 51 Sts.,New York,NY"
NY,Brooklyn,471 5th Ave,"471 5th Ave,Brooklyn,NY"
NY,Brooklyn,816 Beverley Road,"816 Beverley Road,Brooklyn,NY"
NY,Brooklyn,620 Manhattan Ave,"620 Manhattan Ave,Brooklyn,NY"
NY,Staten Island,2655 Richmond Ave Suite 1590,"2655 Richmond Ave Suite 1590,Staten Island,NY"
NY,New York,See Description Box for,"See Description Box for,New York,NY"
NY,New York,26 1st Avenue,"26 1st Avenue,New York,NY"
NY,New York,250 Greenwich St Floor 46,"250 Greenwich St Floor 46,New York,NY"
NJ,Bayonne,185 John F. Kennedy Blvd,"185 John F. Kennedy Blvd,Bayonne,NJ"
NY,New York,330 7th Ave,"330 7th Ave,New York,NY"
NY,Syracuse,TBD,"TBD,Syracuse,NY"
NY,Syracuse,125 East Water Street,"125 East Water Street,Syracuse,NY"
NY,Syracuse,235 Harrison Street,"235 Harrison Street,Syracuse,NY"
NY,Syracuse,TBD,"TBD,Syracuse,NY"
NY,Wappingers Falls,1491 U.S. 9,"1491 U.S. 9,Wappingers Falls,NY"
NY,Poughkeepsie,3399 North Rd,"3399 North Rd,Poughkeepsie,NY"
NY,Bronxville,"101 Pondfield Road West, 2nd Floor","101 Pondfield Road West, 2nd Floor,Bronxville,NY"
NJ,tenafly,Jefferson and virgiinia street ,"Jefferson and virgiinia street ,tenafly,NJ"
NY,New York,Pier 25 Hudson River Greenway,"Pier 25 Hudson River Greenway,New York,NY"
NY,Mount Vernon,2 South Sixth Avenue,"2 South Sixth Avenue,Mount Vernon,NY"
NY,New York,Northwest Corner,"Northwest Corner,New York,NY"
NJ,Teaneck,687 Larch Ave,"687 Larch Ave,Teaneck,NJ"
NY,Hastings-On-Hudson,8 Main St,"8 Main St,Hastings-On-Hudson,NY"
NY,Scarsdale,37 Popham Rd,"37 Popham Rd,Scarsdale,NY"
NJ,Edgewater,986 River Road,"986 River Road,Edgewater,NJ"
NY,Binghamton,30 Main Street,"30 Main Street,Binghamton,NY"
NY,Bronxville,"101 Pondfield Road West, 2nd Floor","101 Pondfield Road West, 2nd Floor,Bronxville,NY"
NY,White Plains,350 Main St,"350 Main St,White Plains,NY"
NY,White Plains,777 Westchester Ave Ground Floor,"777 Westchester Ave Ground Floor,White Plains,NY"
NY,Saratoga Springs,50 Pine Rd,"50 Pine Rd,Saratoga Springs,NY"
NY,Bronxville,"101 Pondfield Road West, 2nd Floor","101 Pondfield Road West, 2nd Floor,Bronxville,NY"
NY,New York,Morningside Dr,"Morningside Dr,New York,NY"
NY,New York,Morningside Dr,"Morningside Dr,New York,NY"
NY,New York,805 Ft. Washington Ave Margaret Corbin Circle,"805 Ft. Washington Ave Margaret Corbin Circle,New York,NY"
NY,Hastings-On-Hudson,8 Main St,"8 Main St,Hastings-On-Hudson,NY"
NY,New York,158 E. 115th Street,"158 E. 115th Street,New York,NY"
NY,New York,Morningside Dr,"Morningside Dr,New York,NY"
NY,WHITESTONE,150-11 14th Avenue,"150-11 14th Avenue,WHITESTONE,NY"
NY,Scarsdale,37 Popham Rd,"37 Popham Rd,Scarsdale,NY"
NY,New York,158 E 115th St,"158 E 115th St,New York,NY"
NY,White Plains,350 Main St,"350 Main St,White Plains,NY"
NY,White Plains,777 Westchester Ave Ground Floor,"777 Westchester Ave Ground Floor,White Plains,NY"
NY,Latham,3 Lear Jet Lane Suite 102A,"3 Lear Jet Lane Suite 102A,Latham,NY"
NY,Schenectady,811 N Brandywine Ave,"811 N Brandywine Ave,Schenectady,NY"
NY,Albany,161 Washington Ave Ext,"161 Washington Ave Ext,Albany,NY"
NY,Albany,1510 Central Ave Suite 107,"1510 Central Ave Suite 107,Albany,NY"
NY,Latham,601 Troy Schenectady Rd,"601 Troy Schenectady Rd,Latham,NY"
NY,Colonie,65 Wolf Rd #100,"65 Wolf Rd #100,Colonie,NY"
NY,Lake Grove,143 Alexander Avenue,"143 Alexander Avenue,Lake Grove,NY"
NY,Stony Brook,380 Nicholls Rd,"380 Nicholls Rd,Stony Brook,NY"
NY,Smithtown,944 W Jericho Turnpike,"944 W Jericho Turnpike,Smithtown,NY"
NY,Brentwood,34 Second Ave,"34 Second Ave,Brentwood,NY"
NY,Lindenhurst,752 N Wellwood Ave,"752 N Wellwood Ave,Lindenhurst,NY"
NY,Middletown,"1 Galleria Drive, Middletown, NY","1 Galleria Drive, Middletown, NY,Middletown,NY"
NY,Pleasantville,125 Phelps Way,"125 Phelps Way,Pleasantville,NY"
NY,Valhalla,1 Bronx River Pkwy Rd,"1 Bronx River Pkwy Rd,Valhalla,NY"
NY,White Plains,252 Bryant Avenue,"252 Bryant Avenue,White Plains,NY"
NY,Scarsdale,37 Popham Rd,"37 Popham Rd,Scarsdale,NY"
NY,White Plains,350 Main St,"350 Main St,White Plains,NY"
NY,Westchester County,Room,"Room,Westchester County,NY"
PA,Philadelphia,9389 Krewstown Rd.,"9389 Krewstown Rd.,Philadelphia,PA"
NJ,Willingboro,429 John F Kennedy Way,"429 John F Kennedy Way,Willingboro,NJ"
PA,Morrisville,Cardinal Dr,"Cardinal Dr,Morrisville,PA"
NJ,Pennsauken Township,1585 NJ-73,"1585 NJ-73,Pennsauken Township,NJ"
PA,Pittsburgh,501 Grant St,"501 Grant St,Pittsburgh,PA"
PA,Pittsburgh,820 Brookline Blvd,"820 Brookline Blvd,Pittsburgh,PA"
PA,Pittsburgh,4909 Penn Ave,"4909 Penn Ave,Pittsburgh,PA"
PA,Allentown,1533 Springhouse Rd,"1533 Springhouse Rd,Allentown,PA"
PA,Bethlehem,1349 Lynn Ave,"1349 Lynn Ave,Bethlehem,PA"
PA,Lancaster,1702 Lampeter Road,"1702 Lampeter Road,Lancaster,PA"
PA,Pennsylvania,123 Website Street,"123 Website Street,Pennsylvania,PA"
PA,Wyomissing,1287 Penn Ave,"1287 Penn Ave,Wyomissing,PA"
PA,York,2252 Industrial Hwy,"2252 Industrial Hwy,York,PA"
PA,York,1500 S George St,"1500 S George St,York,PA"
PA,York,2000 Loucks Rd,"2000 Loucks Rd,York,PA"
PA,Erie,201 State Street,"201 State Street,Erie,PA"
PA,Spring City,"20 E. Bridge Street, Suite 103","20 E. Bridge Street, Suite 103,Spring City,PA"
PA,Spring City,"20 E. Bridge Street, Suite 103","20 E. Bridge Street, Suite 103,Spring City,PA"
PA,State College,"State College, PA","State College, PA,State College,PA"
PA,State College,133 East Beaver Avenue,"133 East Beaver Avenue,State College,PA"
PA,Stevens,100 Museum Rd,"100 Museum Rd,Stevens,PA"
PA,Whitehall,3679 Eberhart Rd,"3679 Eberhart Rd,Whitehall,PA"
PA,Hellertown,824 Main St,"824 Main St,Hellertown,PA"
PA,Nazareth,182 Bath Pike,"182 Bath Pike,Nazareth,PA"
PA,Quakertown,1328 California Rd,"1328 California Rd,Quakertown,PA"
PA,Easton,3700 Nicholas Street,"3700 Nicholas Street,Easton,PA"
PA,Hellertown,735 Delaware Avenue,"735 Delaware Avenue,Hellertown,PA"
PA,Bethlehem,321 Woodlawn Ave,"321 Woodlawn Ave,Bethlehem,PA"
PA,Allentown,4549 Tilghman St,"4549 Tilghman St,Allentown,PA"
PA,Duncansville,170 Patchway Rd,"170 Patchway Rd,Duncansville,PA"
PA,Hanover,979 York St,"979 York St,Hanover,PA"
PA,johnstown ,564 Central Ave,"564 Central Ave,johnstown ,PA"
PA,Windber,502 15th St,"502 15th St,Windber,PA"
PA,Stroudsburg,622 Main St,"622 Main St,Stroudsburg,PA"
PA,Pennsylvania,Now,"Now,Pennsylvania,PA"
NJ,Columbus,25020 Mt Pleasant Rd,"25020 Mt Pleasant Rd,Columbus,NJ"
PA,Newtown,25 N. Chancellor St. ,"25 N. Chancellor St. ,Newtown,PA"
NJ,Lawrence Township,4 Princess Rd,"4 Princess Rd,Lawrence Township,NJ"
NJ,Lawrence Township,4 Princess Rd,"4 Princess Rd,Lawrence Township,NJ"
PA,Langhorne,301 E. Maple Ave,"301 E. Maple Ave,Langhorne,PA"
PA,Danville,407 Pine St,"407 Pine St,Danville,PA"
PA,Kingston,500 3rd Avenue,"500 3rd Avenue,Kingston,PA"
