event_state,event_city,event_street
NJ,Bordentown,2401 Axe Factory Rd
NJ,Titusville,355 Washington Crossing Pennington Rd.
NJ,Titusville,180 Pleasant Valley Rd 
NJ,Chesterfield ,410 Ellisdale Road
NJ,Lawrence Township,4 Princess Rd
NJ,Lawrence Township,4 Princess Rd
PA,Newtown,25 N. Chancellor St. 
NJ,Skillman,"88 Orchard Road, Princeton Area"
NJ,Skillman,"88 Orchard Road, Princeton Area"
NJ,Robbinsville Twp,N Commerce Square
PA,Langhorne,301 E. Maple Ave
NJ,Hamilton,"731 Highway 33, Suite 3"
PA,Levittown ,4354 New Falls Road
NJ,Bordentown,18 E. Union Street 
PA,Newtown,126 N. State St.
NJ,Hamilton Township,80 Sculptors Way
NJ,Princeton,500 Mercer St 
PA,Fairless Hills,980 Trenton Rd
PA,Yardley,82 East Afton Avenue
NJ,Trenton,"354 S Broad St,"
PA,Langhorne,1262 Wood Lane  Ste 106/107
PA,Yardley,82 E Afton Ave
NJ,Hoboken,901 Park Ave
NJ,Hoboken,901 Park Ave
NE,Jersey City,1 Audrey Zapp Dr
NJ,Hoboken ,1423 Clinton Street 
NJ,Newark,14 Rector Street
NJ,West Orange,Crest Dr
NJ,Hoboken,Frank Sinatra Dr
NY,New York,  569 Hudson St
NY,New York,Your Guide will meet you when you get out from the train at Poughkeepsie
NY,New York,"416 8th ave, Corner of 31st"
NJ,West Orange,253 Main St
NJ,West Orange,253 Main St
NJ,Jersey City,252 9th St
NY,New York,Online
NY,New York,10 South William St
NY,New York,51 W 14th St #3r
NY,New York,See Description Box for
NY,Brooklyn,345 Adams St.
NY,New York,26 1st Avenue
NY,New York,Cyberspace
NY,Brooklyn,320 West 37th Street
NY,New York,New York
NY,New York,32nd Street and 7th Avenue
NY,New York,1095 Sixth Ave 
NY,New York,10 West 33rd Street
NY,New York,627 9th Ave
NY,New York,627 9th Avenue
NY,New York,230 Vesey St
NY,New York,321 W 44th St #103
NJ,Maplewood,600 Ridgewood Rd
NY,New York,Virtual Online Meeting
NY,Manhattan,425 Avenue of the Americas (Sixth Avenue and 10th Street
NY,New York,433 E 6th St
NJ,Union,1023 Stuyvesant Ave
NY,Brooklyn,695 5th Ave
NJ,Jersey City,252 9th St
NJ,West Orange,253 Main St
NJ,West Orange,253 Main St
NY,New York,10 Columbus Cir
NY,New York,675 3rd Ave
NY,New York,Online
NJ,Teaneck,687 Larch Ave
NY,New York,10 South William St
NY,New York,800 Poly Place
NY,New York,11 W 53rd St
NY,New York,51 W 14th St #3r
NY,New York ,2149 Frederick Douglass Blvd
NY,New York,Virtual Online Meeting
NY,Manhattan,425 Avenue of the Americas (Sixth Avenue and 10th Street
NY,New York,939 Lexington Avenue (between E. 68th & E. 69th Streets)
NY,New York,433 E 6th St
NY,Brooklyn,247 Varet Street
NY,Brooklyn,333 Court Street
NY,New York,115 W 45th St
NJ,North Bergen,3167 John F. Kennedy Blvd
NY,Manhattan,Manhattan
NY,TBA,TBA
NY,New York,Amsterdam Ave. between 110 - 111th Streets
NY,New York,11 East 33rd Street
NY,New York,"1551 3rd Avenue, New York, NY 10128"
NY,Brooklyn,Email or text
NJ,Lyndhurst,455 Valley Brook Ave
NY,Brooklyn,Address to be given via text
NY,New York,1234
NY,Brooklyn ,591 Central Ave Unit 1
NY,Brooklyn ,591 Central Ave Unit 1
NY,New York,119 Chambers St
NJ,Fairview,394 Walker St
NY,New York,1678 3rd Ave
NY,Brooklyn,Prospect Park
NY,Queens,10-93 Jackson Ave
NY,New York,765 Washington St
NE,New York,"177 Prince St, New York, NY 10012"
NJ,Jersey City,29 McWilliams Pl.
NE,Brooklyn,"Old Stone House, 336 3rd St, Brooklyn, NY 11215"
NY,New York ,1085 5th Avenue 
NY,New York,270 Greenwich Street Cafe Level
NY,Brooklyn,273 13th Street
NY,New York,1678 3rd Ave
NY,10012,Sullivan St & Washington Square S
NY,New York,Central Park
NJ,Lodi,460 Passaic Avenue
NJ,Lodi,460 Passaic Avenue
NJ,West Orange,Crest Dr
NJ,Paramus,400 Paramus Rd
NJ,Teaneck,687 Larch Ave
NJ,Columbia,89 Mount Pleasant Road
NJ,Caldwell,326 Bloomfield Ave
NJ,Ridgewood,475 Grove Street
NJ,Fairfield,118 US-46
NJ,Paramus,770 Rt. 17 North
NJ,Clifton,940 Van Houten Ave
NJ,Garfield,619 Midland Ave
NJ,Teaneck,687 Larch Ave
NJ,Fairfield,333A Route 46 West Suite 255
NJ,Fairfield,55 Lane Rd
NJ,Hackensack,515 Essex St
NJ,Fair Lawn,25 Promenade Blvd
NJ,Maywood,92 West Pleasant Avenue
NJ,Hasbrouck Heights,650 Terrace Ave
NJ,West Orange,253 Main St
NJ,Jersey City,252 9th St
NJ,West Orange,253 Main St
NY,Brooklyn,695 5th Ave
NY,Staten Island,1600 Hylan Boulevard
NJ,Maplewood,600 Ridgewood Rd
NY,New York,Virtual Online Meeting
NJ,Jersey City,"189 Brunswick St, 3rd Floor"
NJ,Union,1023 Stuyvesant Ave
NY,New York,Internet
NJ,Rahway,275 E Grand Ave
NY,New York,Hudson River Greenway
NJ,Hoboken,1012 Grand St
NY,New York,38 Park Row #4
NJ,Pittsgrove,701 Almond Rd
NJ,Millville,220 Buck St
NJ,Milmay,225 Broad St
NJ,West Orange,253 Main St
NJ,West Orange,253 Main St
NJ,Ridgewood,14 Hope Street
NJ,Montclair,127 Valley Road
NJ,Lyndhurst,"420 Valley Brook Avenue, Lyndhurst 07071"
NJ,Teaneck,687 Larch Ave
NJ,Paramus,400 Paramus Rd
NJ,Caldwell,326 Bloomfield Ave
NJ,Ridgewood,475 Grove Street
NJ,Fairfield,118 US-46
NJ,Teaneck,687 Larch Ave
NJ,Garfield,619 Midland Ave
NJ,Fairfield,333A Route 46 West Suite 255
NJ,UNION CITY,507 43RD TS. 7th floor
NJ,Lyndhurst,289 Stuyvesant Ave 2nd floor
NJ,Nutley,7 High St
NJ,Nutley,7 High St
NJ,Paramus,54 S Farview Ave
NJ,Hackensack,41 NJ-4
NJ,Montclair,700 Bloomfield Ave
NJ,Paramus,300 Bergen Town Center
NJ,Hackensack,515 Essex St
NJ,Fairfield,55 Lane Rd
NJ,Maywood,92 West Pleasant Avenue
NJ,Fair Lawn,25 Promenade Blvd
NJ,Hasbrouck Heights,650 Terrace Ave
PA,Philadelphia ,1216 Chestnut
NJ,Palmyra, Route 73 North
NJ,Cherry Hill,1603 Kresson Rd
PA,Philadelphia,300 W Mt Pleasant Ave
PA,Philadelphia,Valley Green Rd
PA,Philadelphia,8400 Seminole St
PA,Philadelphia,Henry Ave and Livezey Lane 
PA,Philadelphia,zoom online
PA,Philadelphia,1701 John F Kennedy Boulevard
NJ,Cherry Hill,2100 Rte 70 W
NJ,Merchantville,36 W Maple Ave
PA,Philadelphia,N Christopher Columbus Blvd
PA,Philadelphia,2946 Island Ave
PA,Philadelphia,1102 Pine St
NJ,"Moorestown, NJ  08057",16 East Main St
NJ,Runnemede,Dettmar Terrace
PA,Philadelphia,S St Bridge
NJ,Pennsauken ,3376 Browning Rd
PA,Philadelphia,4842 Ridge Ave
NJ,Cherry Hill,1820 Old Cuthbert Road
PA,Philadelphia,4842 Ridge Ave
NJ,Voorhees,255 Echelon Road
PA,Narberth,1660 Oakwood Dr
PA,Philadelphia,1025 Arch St
PA,Philadelphia,6501 Castor Ave
NJ,Camden,422 Market Street
PA,Philadelphia,1606 Walnut Street
PA,Bala Cynwyd,281 Montgomery Ave.
PA,Philadelphia,254 S 12th St
NJ,Merchantville,10 W. Maple Ave
PA,Philadelphia,4426 Locust St
NJ,Cherry Hill,1100 Kings Highway North
NJ,Bellmawr,363 W Browning Rd
PE,Philadelphia,3899 Henry Ave
PA,Philadelphia ,705 S 5th St
NJ,Collingswood,Collings Avenue
NJ,Pennsauken Township,1585 NJ-73
PA,Philadelphia,1025 Arch Street
NJ,West Orange,253 Main St
NJ,West Orange,253 Main St
NJ,Ridgewood,14 Hope Street
NJ,Montclair,127 Valley Road
NJ,Lyndhurst,"420 Valley Brook Avenue, Lyndhurst 07071"
NY,New York,120 West 69th Street 
NY,New York,672 9th Ave
NJ,Columbia,89 Mount Pleasant Road
NJ,Secaucus,151 Front St
NY,New York,105th and Broadway 
NY,New York,626 10th Ave
NY,New York,Morningside Dr
NJ,Caldwell,326 Bloomfield Ave
NJ,Ridgewood,475 Grove Street
NY,New York,484 W 43rd St
NJ,Fairfield,118 US-46
NY,New York,2 West 64th Street (At Central Park West)
NY,New York,627 9th Ave
NY,New York,627 9th Avenue
NY,New York ,2149 Frederick Douglass Blvd
NJ,Fairview,394 Walker St
NJ,Jersey City,252 9th St
NY,Brooklyn,695 5th Ave
NY,New York,626 10th Ave
NY,New York,105th and Broadway 
NY,Brooklyn,620 Manhattan Ave
NJ,Secaucus,151 Front St
NJ,Columbia,89 Mount Pleasant Road
NY,New York,116 E 7th Street
NY,Brooklyn,75A 5th Ave
NY,New York,See Description Box for
NY,Astoria,3801 35th Ave
NY,Brooklyn,345 Adams St.
NY,New York,61 W 62nd St
NY,New York ,2149 Frederick Douglass Blvd
NY,New York,Virtual Online Meeting
NY,Manhattan,425 Avenue of the Americas (Sixth Avenue and 10th Street
NY,New York,939 Lexington Avenue (between E. 68th & E. 69th Streets)
NY,New York,433 E 6th St
NY,New York,247 West 36th Street 6th Floor
NY,New York,108 E 15th St
NJ,UNION CITY,507 43RD TS. 7th floor
NY,New York,76 W 3rd St
NY,New York,"55 East 52nd Street, New York, NY"
NY,New York,"56 West 45th Street, Suite 1703"
NY,New York,79 Franklin St
NY,New York,151 West 30th Street  3rd Floor (6-7th Aves) 
NY,New York,2 West 64th Street (At Central Park West)
NY,New York,599 Broadway
NJ,Teaneck,687 Larch Ave
NY,New York,191 Canal St
NY,New York,803 181st St @ Fort Washington Avenue
NY,Brooklyn,305 Schermerhorn St
NY,New York,213 West 58th Street
NY,New York,1601 Broadway
NJ,Lyndhurst,289 Stuyvesant Ave 2nd floor
NY,New York,25 W 31st street
NJ,Nutley,7 High St
NY,New York ,1601 Broadway 11th floor 
NY,New York,265 W 37th St
NY,New York,"920 3rd ave, 5th Floor"
NJ,Nutley,7 High St
NY,New York,500 8th ave 3rd fl
NY,Queens,10-93 Jackson Ave
NY,Brooklyn,1368 Fulton St
NJ,Jersey City,"189 Brunswick St, 3rd Floor"
NJ,Hackensack,41 NJ-4
NY,New York,1678 3rd Ave
NY,10012,Sullivan St & Washington Square S
NY,New York,Central Park
NJ,Jersey City,870 Montgomery St
NE,Staten Island,New Dorp Lane
NJ,Jersey City,1 Audrey Zapp Dr
NJ,Jersey City,426 Jersey Ave
NY,Staten Island,1150 Clove Rd
NY,Brooklyn,14b 53rd St 3rd floor
NY,Brooklyn,14b 53rd St 3rd floor
NY,Brooklyn,14b 53rd St 3rd floor
NY,Brooklyn,1616 Caton Ave Coney Island Ave between Caton & Parkside Avenues
NY,Brooklyn,1990 Shore Pkwy
NY,Staten Island,215 Schmidts Ln.
NY,New York,250 Front St
NY,Brooklyn,14b 53rd St 3rd floor
NY,New York,Washington Square
NY,10009,E 6 ST & FDR DR
NY,New York,East River Promenade
NY,New York,51 W 14th St #3r
NJ,Columbia,89 Mount Pleasant Road
NY,Brooklyn,75A 5th Ave
NY,New York,626 10th Ave
NJ,Secaucus,151 Front St
NY,Brooklyn,620 Manhattan Ave
NY,New York,116 E 7th Street
NY,New York,433 E 6th St
NY,New York,270 Greenwich Street Cafe Level
NY,Brooklyn,273 13th Street
NJ,Union,1023 Stuyvesant Ave
NY,New York,Internet
NY,New York,Hudson River Greenway
NY,New York ,558 Broadway Avenue
NJ,Hoboken,1012 Grand St
NY,New York,38 Park Row #4
NY,Brooklyn,(Mickey will email or private message full sign-in information for this video conference.)
NY,New York,Online
NY,TBD,TBD
NY,Brooklyn ,422 Avenue P
NY,New York,44 W 17th St
NJ,Rahway,275 E Grand Ave
NY,Brooklyn,211 Putnam Ave
NY,New York,60 E 41st St
NY,New York,77 E 7th St
NY,New York,350 W 50th St
NY,New York,116 10th Ave
NY,New York,405 W 44th St
NJ,Union,1000 Morris Ave
NJ,Jersey City,1 Marin Blvd
NJ,Parsippany,111 US-46
NJ,West Orange,253 Main St
NJ,West Orange,253 Main St
NJ,Jersey City,252 9th St
NJ,Chatham,368 Main Street
NJ,Columbia,89 Mount Pleasant Road
NJ,Secaucus,151 Front St
NJ,Caldwell,326 Bloomfield Ave
NJ,Jersey City,143 Christopher Columbus Dr
NJ,Fairfield,118 US-46
NJ,Maplewood,600 Ridgewood Rd
NJ,Union,2815 Morris Ave
NJ,UNION CITY,507 43RD TS. 7th floor
NJ,Fairfield,333A Route 46 West Suite 255
NJ,Garfield,619 Midland Ave
NJ,Jersey City,535 Washington Blvd. 
NJ,Jersey City,29 McWilliams Pl.
NJ,Lyndhurst,289 Stuyvesant Ave 2nd floor
NJ,Nutley,7 High St
NJ,Nutley,7 High St
NJ,Jersey City,"189 Brunswick St, 3rd Floor"
NJ,Union,1023 Stuyvesant Ave
NJ,Montclair,700 Bloomfield Ave
NJ,Hoboken,1012 Grand St
NJ,New Brunswick,51 US Hwy 1
NJ,Edison,Main St
NJ,Edison,55 Parsonage Rd
NJ,edison,1551 US Highway 1 South
NJ,South Amboy,Garden State Pkwy
NJ,Edison ,Contact Scott
NJ,Piscataway,54 Joyce Kilmer Avenue
NJ,Piscataway,54 Joyce Kilmer Avenue
NJ,Hillsborough Township,381 Triangle Rd
NJ,South River,284 Whitehead Avenue (485 Whitehead Avenue for GPS) 
NJ,South River,284 Whitehead Avenue  (485 Whitehead Avenue for GPS)
NJ,Warren,100 Town Center Dr
NJ,Parlin,807 Washington Rd
NJ,Edison,101 US-1
NJ,Somerset,1045 Easton Ave
NJ,Somerset,1045 Easton Ave
NJ,Piscataway,1050 Stelton Rd. 
NJ,Piscataway,44 Stelton Rd #215
NJ,Old Bridge Township,61 Pine Street
NJ,Woodbridge,Second Floor
NJ,Hoboken,901 Park Ave
NJ,Hoboken,901 Park Ave
NY,New York,  569 Hudson St
NJ,Hoboken ,1423 Clinton Street 
NE,Jersey City,1 Audrey Zapp Dr
NJ,Hoboken,Frank Sinatra Dr
NJ,Lodi,460 Passaic Avenue
NY,New York,Your Guide will meet you when you get out from the train at Poughkeepsie
NY,New York,from Grand Central Your guide will meet you in Pougkeepsie
NJ,Lodi,460 Passaic Avenue
NY,Brooklyn,1 Oak St
NY,New York,Flushing Meadows Pedestrian Bridge & Roosevelt Ave
NJ,Newark,14 Rector Street
NJ,Jersey City,252 9th St
NY,Brooklyn,695 5th Ave
NJ,Teaneck,687 Larch Ave
NY,New York,10 Columbus Cir
NY,New York,675 3rd Ave
NY,New York,Online
NY,New York,10 South William St
NY,New York,See Description Box for
NY,Astoria,3801 35th Ave
NY,Brooklyn,345 Adams St.
NY,"Riverdale, Bronx",5521 Mosholu Avenue 
NY,New York,61 W 62nd St
NY,New York,433 E 6th St
NJ,Hoboken,901 Park Ave
NJ,Hoboken,901 Park Ave
NY,New York,  569 Hudson St
NJ,Hoboken ,1423 Clinton Street 
NE,Jersey City,1 Audrey Zapp Dr
NJ,Hoboken,Frank Sinatra Dr
NY,New York,Your Guide will meet you when you get out from the train at Poughkeepsie
NY,New York,from Grand Central Your guide will meet you in Pougkeepsie
NY,Brooklyn,1 Oak St
NJ,Newark,14 Rector Street
NJ,Lodi,460 Passaic Avenue
NY,Staten Island,Silver Lake Park Road/Corner of Forest Avenue
NY,New York,Flushing Meadows Pedestrian Bridge & Roosevelt Ave
NJ,Lodi,460 Passaic Avenue
NY,Astoria,34-37 37th Street
NY,New York,281 Main Street
NY,New York,Riverside Dr
NY,New York, Central Park South
NJ,Jersey City,870 Montgomery St
NY,New York,103rd Street and Riverside Dr.
NY,New York,86th St Transverse
NJ,Jersey City,1 Audrey Zapp Dr
NY,New York,555 E 90th St
NY,New York,W 54th St
NY,New York,2 East 90th Street
NY,10009,E 6 ST & FDR DR
NY,New York,SouthEast Corner of Central Park. (5th Ave & 59th St.)
NY,New York,11 W 53rd St
NY,New York,51 W 14th St #3r
NY,New York,111 East 33rd St.
NJ,Jersey City,143 Christopher Columbus Dr
NY,New York,158 E. 115th Street
NY,Brooklyn,"147 Prince Street, 4th Floor"
NY,Brooklyn,243 78th St
NY,New York,484 W 43rd St
NY,Brooklyn,769 Washington Avenue
NY,Brooklyn,227 Utica Avenue
NY,New York,Cyberspace
NY,Brooklyn,320 West 37th Street
NY,New York,2 West 64th Street (At Central Park West)
NY,New York,1095 Sixth Ave 
NY,New York,32nd Street and 7th Avenue
NY,New York,10 West 33rd Street
NY,New York,New York
NY,New York,627 9th Ave
NY,New York,627 9th Avenue
NY,New York,321 W 44th St #103
NY,Brooklyn,105 Montrose Ave 
NY,New York ,2149 Frederick Douglass Blvd
NY,New York,Virtual Online Meeting
NY,Manhattan,425 Avenue of the Americas (Sixth Avenue and 10th Street
NY,New York,939 Lexington Avenue (between E. 68th & E. 69th Streets)
NY,New York,433 E 6th St
NY,New York ,1085 5th Avenue 
NY,New York,270 Greenwich Street Cafe Level
NY,Brooklyn,273 13th Street
NY,New York,1678 3rd Ave
NY,10012,Sullivan St & Washington Square S
NY,New York,Central Park
NJ,Matawan,Cheesequake State Park
NJ,Edison,Main St
NJ,New Brunswick,51 US Hwy 1
NY,Staten Island,1 Eton Pl
NJ,Woodbridge,600 Main Street
NJ,Metuchen,215 Durham Avenue
NJ,Edison,"485, U.S. 1"
NJ,Milltown,89 Albert Avenue
NJ,South Plainfield,25 Davis Street
NJ,Cranford,29 Alden Street 
NJ,South Amboy,Garden State Pkwy
NJ,Edison,Pierson Ave
NJ,Edison ,Contact Scott
NJ,Roselle,587 Raritan Road
NJ,Matawan,"169 Main Street, Ste 105"
NJ,Piscataway,54 Joyce Kilmer Avenue
NJ,Piscataway,54 Joyce Kilmer Avenue
NJ,Aberdeern,95 Cambridge Drive
NJ,South River,284 Whitehead Avenue  (485 Whitehead Avenue for GPS)
NJ,South River,284 Whitehead Avenue (485 Whitehead Avenue for GPS) 
NJ,Mountainside,New Providence Road
NJ,Mountainside,452 New Providence Rd
NJ,Edison,55 Parsonage Rd
NJ,edison,1551 US Highway 1 South
NJ,Madison,10-12 Elmer St Unit A
NJ,Bridgewater,159 Rt 22 East Greenbrook
NJ,Edison,Pierson Ave
NJ,Edison ,Contact Scott
NJ,Garwood,99 Center St Ste A
NJ,Bernardsville,123 Claremont Road 
NJ,Rahway,275 E Grand Ave
NJ,Piscataway,1050 Stelton Rd. 
NJ,Somerset,1045 Easton Ave
NJ,Edison,101 US-1
NJ,Piscataway,44 Stelton Rd #215
NJ,Somerset,1045 Easton Ave
NJ,Woodbridge,Second Floor
NJ,Ridgewood,14 Hope Street
NY,New York,120 West 69th Street 
NJ,Lyndhurst,"420 Valley Brook Avenue, Lyndhurst 07071"
NY,New York,Morningside Dr
NY,New York,177 East 87th St  204
NY,New York,1000 5th Avenue
NY,"Riverdale, Bronx",5521 Mosholu Avenue 
NY,New York,61 W 62nd St
NY,New York,805 Ft. Washington Ave Margaret Corbin Circle
NY,New York,867 Madison Ave
NY,New York,E 71st St
NY,"Manhattan, New York",Subway is 69th St. on the 6
NY,New York,247 W 37th St
NY,New York,422 W 57th St (entrance to the right of Trinity Church)
NY,New York ,2149 Frederick Douglass Blvd
NY,New York,939 Lexington Avenue (between E. 68th & E. 69th Streets)
NJ,Fairview,394 Walker St
NY,New York,1678 3rd Ave
NY,New York,158 E 115th St
NJ,Matawan,Cheesequake State Park
NJ,New Brunswick,51 US Hwy 1
NJ,Edison,Main St
NJ,Monroe Township,47 Monmouth Rd
NJ,Edison,Pierson Ave
NJ,Edison ,Contact Scott
NJ,Matawan,"169 Main Street, Ste 105"
NJ,Piscataway,54 Joyce Kilmer Avenue
NJ,Piscataway,54 Joyce Kilmer Avenue
NJ,Aberdeern,95 Cambridge Drive
NJ,Old Bridge,Maple St
NJ,Rahway,275 E Grand Ave
NJ,Mountainside,New Providence Road
NY,Staten Island,1 Eton Pl
NJ,Mountainside,452 New Providence Rd
NJ,Newark,14 Rector Street
NJ,Union,1000 Morris Ave
NJ,Vauxhall,2933 Vauxhall Road
NJ,Edison,55 Parsonage Rd
NJ,edison,1551 US Highway 1 South
NJ,Edison,Pierson Ave
NJ,Maplewood,600 Ridgewood Rd
NY,Staten Island,1600 Hylan Boulevard
NJ,Maplewood,1970 Springfield Ave
NJ,Edison ,Contact Scott
NJ,Maplewood,1970 Springfield Ave
NJ,Garwood,99 Center St Ste A
NJ,Union,2815 Morris Ave
NJ,Union,1023 Stuyvesant Ave
NJ,Rahway,275 E Grand Ave
NJ,West Orange,253 Main St
NJ,West Orange,253 Main St
NJ,Jersey City,252 9th St
NY,Brooklyn,695 5th Ave
NY,New York,10 Columbus Cir
NY,New York,Online
NY,New York,675 3rd Ave
NY,New York,10 South William St
NY,New York,11 W 53rd St
NY,New York,51 W 14th St #3r
NY,New York,626 10th Ave
NJ,Columbia,89 Mount Pleasant Road
NJ,Secaucus,151 Front St
NY,New York,105th and Broadway 
NY,Brooklyn,620 Manhattan Ave
NY,New York,116 E 7th Street
NY,Brooklyn,75A 5th Ave
NY,New York,Virtual Online Meeting
NY,Manhattan,425 Avenue of the Americas (Sixth Avenue and 10th Street
NY,New York ,2149 Frederick Douglass Blvd
NY,New York,939 Lexington Avenue (between E. 68th & E. 69th Streets)
NJ,Maplewood,600 Ridgewood Rd
NY,10012,Sullivan St & Washington Square S
NY,New York,Central Park
NY,New York,1678 3rd Ave
NY,New York,510 East 62nd Street
NJ,Union,1023 Stuyvesant Ave
NY,New York,158 E 115th St
NJ,Jersey City,252 9th St
NJ,Teaneck,687 Larch Ave
NY,New York,10 Columbus Cir
NY,New York,675 3rd Ave
NJ,Paramus,400 Paramus Rd
NY,New York,Online
NY,New York,1000 5th Avenue
NY,New York,51 W 14th St #3r
NY,New York,2 West 64th Street (At Central Park West)
NY,New York,Cyberspace
NY,Brooklyn,320 West 37th Street
NY,New York,1095 Sixth Ave 
NY,New York,32nd Street and 7th Avenue
NY,New York,10 West 33rd Street
NY,New York,627 9th Ave
NY,New York,627 9th Avenue
NY,New York,321 W 44th St #103
NY,Astoria,46-09 31st Ave
NY,New York,New York
NY,WHITESTONE,150-11 14th Avenue
NY,New York ,2149 Frederick Douglass Blvd
NY,Manhattan,425 Avenue of the Americas (Sixth Avenue and 10th Street
NY,New York,939 Lexington Avenue (between E. 68th & E. 69th Streets)
NY,New York,Virtual Online Meeting
NY,New York,115 W 45th St
NJ,North Bergen,3167 John F. Kennedy Blvd
NY,New York,Amsterdam Ave. between 110 - 111th Streets
NY,New York,"1551 3rd Avenue, New York, NY 10128"
NY,New York,11 East 33rd Street
NY,Manhattan,Manhattan
NJ,Lyndhurst,455 Valley Brook Ave
NJ,Paramus,770 Rt. 17 North
NY,TBA,TBA
NE,Queens,"36-51 Main St, Queens, NY 11354"
NY,Brooklyn,Email or text
NY,New York,119 Chambers St
NJ,Fairview,394 Walker St
NY,New York,1678 3rd Ave
NY,Queens,10-93 Jackson Ave
NY,New York,765 Washington St
NE,New York,"177 Prince St, New York, NY 10012"
NJ,Jersey City,29 McWilliams Pl.
NY,New York,158 E 115th St
NY,New York,Grand Army Plaza
NY,New York,102 W 73rd St
NJ,Rutherford,40 Park Ave
NY,TBD,TBD
NJ,Paramus,300 Bergen Town Center
NY,New York,"95 Delancey Street (On the corner of Delancey & Ludlow), New York, NY "
NY,New York,Online
NY,New York,350 W 50th St
NJ,Hoboken,1012 Grand St
NY,New York,W 67th St
NY,New York,60 E 41st St
NY,New York,W 57th St
NY,New York,95 Delancey Street (On the corner of Delancey & Ludlow)
NY,New York ,558 Broadway Avenue
NY,New York,405 W 44th St
NJ,Bridgeton,45 Mayor Aitken Dr
NJ,Pittsgrove,701 Almond Rd
NJ,Vernon Township,200 NJ-94
NJ,Newfoundland,Paterson Hamburg Turnpike
NJ,Newton,55 Newton Sparta Rd
NJ,Newton,36 Hampton House Rd
NJ,Lafayette,67 Lawrence Rd
NJ,Hoboken,901 Park Ave
NJ,Hoboken,901 Park Ave
NY,New York,  569 Hudson St
NJ,Hoboken ,1423 Clinton Street 
NE,Jersey City,1 Audrey Zapp Dr
NY,New York,Flushing Meadows Pedestrian Bridge & Roosevelt Ave
NJ,Hoboken,Frank Sinatra Dr
NY,New York,Your Guide will meet you when you get out from the train at Poughkeepsie
NY,New York,from Grand Central Your guide will meet you in Pougkeepsie
NY,Brooklyn,1 Oak St
NJ,Lodi,460 Passaic Avenue
NJ,Newark,14 Rector Street
NY,Staten Island,Silver Lake Park Road/Corner of Forest Avenue
NJ,Lodi,460 Passaic Avenue
NY,Brooklyn,695 5th Ave
NJ,Jersey City,252 9th St
NY,New York,10 Columbus Cir
NY,New York,675 3rd Ave
NY,New York,Online
NJ,Teaneck,687 Larch Ave
NY,New York,10 South William St
NY,New York,800 Poly Place
NY,New York,See Description Box for
NY,Astoria,3801 35th Ave
NY,Brooklyn,345 Adams St.
NY,New York,61 W 62nd St
NY,New York,111 East 33rd St.
NJ,Jersey City,143 Christopher Columbus Dr
NY,New York,158 E. 115th Street
NY,Brooklyn,"147 Prince Street, 4th Floor"
NY,New York,484 W 43rd St
NY,Brooklyn,243 78th St
NY,Brooklyn,227 Utica Avenue
NY,Brooklyn,769 Washington Avenue
NY,New York ,2149 Frederick Douglass Blvd
NY,New York,Virtual Online Meeting
NY,Manhattan,425 Avenue of the Americas (Sixth Avenue and 10th Street
NY,New York,939 Lexington Avenue (between E. 68th & E. 69th Streets)
NY,New York,433 E 6th St
NY,New York ,1085 5th Avenue 
NY,New York,270 Greenwich Street Cafe Level
NY,Brooklyn,273 13th Street
NY,New York,1678 3rd Ave
NY,10012,Sullivan St & Washington Square S
NY,New York,Central Park
NY,Brooklyn,513 Johnson Avenue #13
NY,New York,158 E 115th St
NY,Brooklyn,695 5th Ave
NJ,Jersey City,252 9th St
NY,New York,10 Columbus Cir
NY,New York,675 3rd Ave
NY,New York,Online
NY,New York,800 Poly Place
NY,New York,10 South William St
NY,New York,11 W 53rd St
NY,New York,51 W 14th St #3r
NY,New York,See Description Box for
NY,Astoria,3801 35th Ave
NY,Brooklyn,345 Adams St.
NY,New York,61 W 62nd St
NY,New York ,2149 Frederick Douglass Blvd
NY,New York,Virtual Online Meeting
NY,Manhattan,425 Avenue of the Americas (Sixth Avenue and 10th Street
NY,New York,939 Lexington Avenue (between E. 68th & E. 69th Streets)
NY,Staten Island,1600 Hylan Boulevard
NY,New York,433 E 6th St
NY,New York,1601 Broadway
NY,New York,25 W 31st street
NY,New York ,1601 Broadway 11th floor 
NY,New York,265 W 37th St
NY,Brooklyn ,11 Newel St 
NY,Brooklyn,1368 Fulton St
NY,New York,500 8th ave 3rd fl
NY,Queens,10-93 Jackson Ave
NJ,Jersey City,"189 Brunswick St, 3rd Floor"
NY,New York,1678 3rd Ave
NY,10012,Sullivan St & Washington Square S
NY,New York,Central Park
NY,Brooklyn,513 Johnson Avenue #13
NY,New York,158 E 115th St
NY,Brooklyn,(Mickey will email or private message full sign-in information for this video conference.)
NY,New York,Internet
NY,New York,Grand Army Plaza
NY,TBD,TBD
NY,New York ,558 Broadway Avenue
NY,New York,Online
NY,New York,Brooklyn
NJ,Hoboken,1012 Grand St
NY,New York,102 W 73rd St
NY,New York,"95 Delancey Street (On the corner of Delancey & Ludlow), New York, NY "
NY,New York,60 E 41st St
NY,New York,350 W 50th St
NY,New York,W 67th St
NY,New York,44 W 17th St
NY,Brooklyn ,422 Avenue P
NY,Brooklyn,695 5th Ave
NJ,Jersey City,252 9th St
NY,New York,11 W 53rd St
NY,New York,51 W 14th St #3r
NY,New York ,1085 5th Avenue 
NY,New York,270 Greenwich Street Cafe Level
NY,Brooklyn,273 13th Street
NY,Brooklyn,513 Johnson Avenue #13
NY,New York,158 E 115th St
NJ,Jersey City,252 9th St
NJ,Teaneck,687 Larch Ave
NY,New York,10 Columbus Cir
NY,New York,675 3rd Ave
NY,New York,Online
NY,New York,10 South William St
NY,New York,105th and Broadway 
NY,New York,626 10th Ave
NY,Brooklyn,620 Manhattan Ave
NJ,Secaucus,151 Front St
NY,New York,116 E 7th Street
NY,New York ,2149 Frederick Douglass Blvd
NY,Manhattan,425 Avenue of the Americas (Sixth Avenue and 10th Street
NY,New York,Virtual Online Meeting
NY,New York,939 Lexington Avenue (between E. 68th & E. 69th Streets)
NJ,Fairview,394 Walker St
NY,New York,1678 3rd Ave
NY,Queens,10-93 Jackson Ave
NY,New York,765 Washington St
NE,New York,"177 Prince St, New York, NY 10012"
NJ,Jersey City,29 McWilliams Pl.
NY,New York ,1085 5th Avenue 
NY,New York,270 Greenwich Street Cafe Level
NY,New York,158 E 115th St
NY,Brooklyn,513 Johnson Avenue #13
NY,Williamsville,5577 Main St
NY,Buffalo ,33 Pannell St. #1
NY,Snyder,Main Street
NY,Buffalo,3200 Elmwood Ave
NY,Buffalo,238 Lexington Ave
NY,Tonawanda,Heritage Road
NY,Buffalo,1094 Hertel Ave
NY,Amherst,1310 Sweet Home Road
NY,Williamsville,6320 Main Street
NY,Williamsville,22 Lafayette
NY,Buffalo,1002 Elmwood Ave
NY,Rochester,Tryon Park (Road)
NY,Rochester,3240 Chili Ave
NY,Rochester,120 Mushroom Blvd
NY,Rochester,1400 Winton Rd N
NY,Pittsford,24 State St.
NY,Rochester,2000 Highland 
NY,Fairport,S Main St
NY,Albany,195 New Karner Rd
NY,Latham,605 Loudon Rd
NY,Albany,1 Crossgates Mall Road
NY,Colonie,580 Albany Shaker Road
NY,Latham,3 Lear Jet Ln
NY,Troy,71 4th St
NY,Albany,161 Washington Ave Ext
NY,Albany,21 King Ave
NY,Albany,1510 Central Ave Suite 107
NY,Latham,601 Troy Schenectady Rd
NY,Latham,997 New Loudon Rd. (Route 9)
NY,Troy,2212 Burdett Avenue (directly across from Samaritan Hospital)
NY,Staten Island,1 Eton Pl
NE,Jersey City,1 Audrey Zapp Dr
NY,New York,Your Guide will meet you when you get out from the train at Poughkeepsie
NJ,Hoboken,901 Park Ave
NJ,Hoboken,901 Park Ave
NY,New York,  569 Hudson St
NJ,Hoboken,Frank Sinatra Dr
NJ,Hoboken ,1423 Clinton Street 
NJ,Newark,14 Rector Street
NY,New York,"416 8th ave, Corner of 31st"
NY,Brooklyn,1 Oak St
NY,Brooklyn,695 5th Ave
NJ,Jersey City,252 9th St
NY,New York,Online
NY,New York,10 South William St
NY,New York,51 W 14th St #3r
NY,Brooklyn,75A 5th Ave
NY,Brooklyn,620 Manhattan Ave
NY,New York,116 E 7th Street
NY,Brooklyn,75A 5th Ave
NY,New York,Web-Based Remote Event
NY,New York,275 Greenwich Street
NY,New York,89 7th Ave
NY,New York,119 MacDougal Street
NY,NY,NY
NY,New York,38 West 32nd Street
NY,New York,"38 W 32nd St, New York, NY 10001"
NY,Brooklyn,243 78th St
NJ,Jersey City,143 Christopher Columbus Dr
NY,Brooklyn,"147 Prince Street, 4th Floor"
NY,Brooklyn,769 Washington Avenue
NY,Brooklyn,227 Utica Avenue
NY,New York,111 East 33rd St.
NY,New York,New York
NY,New York,Cyberspace
NY,Brooklyn,320 West 37th Street
NY,New York,32nd Street and 7th Avenue
NY,New York,10 West 33rd Street
NY,New York,230 Vesey St
NY,Brooklyn,105 Montrose Ave 
NY,New York,Virtual Online Meeting
NY,Staten Island,1600 Hylan Boulevard
NY,Manhattan,425 Avenue of the Americas (Sixth Avenue and 10th Street
NY,New York,433 E 6th St
NY,New York,25 W 31st street
NY,Brooklyn,1368 Fulton St
NJ,Jersey City,"189 Brunswick St, 3rd Floor"
NY,New York,109 E 9th St
NY,New York,265 W 37th St
NY,New York,520 8th Ave 16th Fl 10018
NY,New York,500 8th ave 3rd fl
NY,Syracuse,"Online! previously in Hillyer Room, BIrd Library 222 Waverly Ave"
NY,Syracuse,881 Van Rensselaer St
NY,Syracuse,415 S. Clinton St
NY,Syracuse,125 East Water Street
NY,Syracuse,235 Harrison Street
NY,Syracuse,TBD
NY,New Paltz,44 Main St
NY,New Paltz,3 Paradies Lane
NY,Poughkeepsie,485 Main St
NY,Wappingers Falls,1491 U.S. 9
NY,Poughkeepsie,330 Main St
NY,Wappingers Falls,2681 W. Main St
NY,Pleasant Valley,10100 Brookside Rd
NY,Poughkeepsie,3399 North Rd
NY,New York,Google Hangouts
NY,Online,Online
NY,Bronxville,"101 Pondfield Road West, 2nd Floor"
NJ,Teaneck,687 Larch Ave
NY,New York,805 Ft. Washington Ave Margaret Corbin Circle
NY,Hastings-On-Hudson,8 Main St
NY,White Plains,252 Bryant Avenue
NJ,Hackensack,41 NJ-4
NY,Yonkers,Old Croton Aqueduct Trail
NY,New York,95 Delancey Street (On the corner of Delancey & Ludlow)
NY,White Plains,198 Central Avenue
NJ,Paramus,300 Bergen Town Center
NY,NYC,TBA
NY,North White Plains,Fisher Lane
NY,White Plains,350 Main St
NY,Westchester County,Room
NJ,Maywood,92 West Pleasant Avenue
NY,Binghamton,30 Main Street
NY,Dobbs Ferry,Dobbs Ferry Train Station
NY,New York,Google Hangouts
NY,Mount Vernon,2 South Sixth Avenue
NY,New York,Pier 25 Hudson River Greenway
NJ,Englewood Cliffs,"https://goo.gl/maps/sp6o3i2mPV8Mpq8K8 Englewood Boat Basin - parking lot near the ""Snack Shack"""
NY,New York,New York. 
NY,WHITESTONE,150-11 14th Avenue
NY,White Plains,252 Bryant Avenue
NY,Yonkers,Old Croton Aqueduct Trail
NY,White Plains,198 Central Avenue
NY,New York,95 Delancey Street (On the corner of Delancey & Ludlow)
NY,North White Plains,Fisher Lane
NY,White Plains,350 Main St
NY,Port Chester,19 Smith Street church is next to parking lot off westchester avenue
NY,White Plains,777 Westchester Ave Ground Floor
NY,Ballston,Outlet Rd
NY,Saratoga Springs,50 Pine Rd
NY,Malta,2911 State Highway 9
NY,New York,Google Hangouts
NY,Online,Online
NY,Bronxville,"101 Pondfield Road West, 2nd Floor"
NY,New York,Morningside Dr
NJ,Englewood Cliffs,"https://goo.gl/maps/sp6o3i2mPV8Mpq8K8 Englewood Boat Basin - parking lot near the ""Snack Shack"""
NY,Mount Vernon,2 South Sixth Avenue
NY,New York,Pier 25 Hudson River Greenway
NY,New York,Northwest Corner
NY,New York,"132-68 34th Avenue, New York, NY 11354"
NY,New York,New York. 
NJ,Teaneck,687 Larch Ave
NY,New York,Morningside Dr
NY,"Riverdale, Bronx",5521 Mosholu Avenue 
NY,New York,805 Ft. Washington Ave Margaret Corbin Circle
NY,Hastings-On-Hudson,8 Main St
NY,New York,158 E. 115th Street
NY,WHITESTONE,150-11 14th Avenue
NY,New York ,2149 Frederick Douglass Blvd
NY,White Plains,252 Bryant Avenue
NY,New York,803 181st St @ Fort Washington Avenue
NY,Larchmont,2444 Boston Post Road
NY,New York,80 Fifth Avenue Suite 1104
NJ,Teaneck,687 Larch Ave
NY,White Plains,82 Prospect St
NY,Tappan,32 Old Tappan Rd
NY,Sands Point,127 Middle Neck Rd
NY,New York,158 E 115th St
NY,Yonkers,Old Croton Aqueduct Trail
NY,New York,95 Delancey Street (On the corner of Delancey & Ludlow)
NY,White Plains,198 Central Avenue
NY,New York,123 W 115th St
NY,NYC,TBA
NY,Schenectady,93 W Campbell Rd
NY,Ballston Lake,9 Burning Bush Blvd
NY,Schenectady,3437 Carman Road
NY,Schenectady,2072 Curry Rd
NY,Latham,3 Lear Jet Ln
NY,Schenectady,811 N Brandywine Ave
NY,Albany,161 Washington Ave Ext
NY,Clifton Park,1668 U.S. 9
NY,Albany,1510 Central Ave Suite 107
NY,Colonie,2 Wall Street
NY,Bolton Landing,Lake Shore Dr
NY,Glens Falls,251 Glen Street
NY,Elmira,147 W Gray St
NY,Islandia, Johnson Avenue
NY,West Babylon,356A Sunrise Hwy
NY,Lindenhurst,131 S Smith St
NY,Brentwood,1795 Brentwood Rd 
NY,Deer Park,10 Dunton Avenue
NY,Farmingdale,875 Conklin St
NY,Lake Grove,143 Alexander Avenue
NY,Stony Brook,380 Nicholls Rd
NY,Smithtown,944 W Jericho Turnpike
NY,Stony Brook,2196 Nesconset Hwy
NY,St James,556 N Country Rd
NY,Great River,440 Montauk Hwy
NY,Bay Shore,135 East Main Street
NY,Smithtown ,"811 West Jericho Turnpike, suite 203-E"
NY,Lake Ronkonkoma,161 Rose Drive
NY,Lake Ronkonkoma,161 Rose Drive
NY,Huntington,1800 E Jericho Turnpike
NY,Middletown,"1 Galleria Drive, Middletown, NY"
NY,Dobbs Ferry,Dobbs Ferry Train Station
NY,Pleasantville,988 Bedford Rd
NY,Bronxville,"101 Pondfield Road West, 2nd Floor"
NY,Pleasantville,125 Phelps Way (route 117)
NY,Mount Vernon,2 South Sixth Avenue
NY,Hastings-On-Hudson,8 Main St
NY,White Plains,252 Bryant Avenue
CT,Greenwich,Send message to Organizer asking for the address
NY,White Plains,82 Prospect St
NY,Larchmont,2444 Boston Post Road
NY,Tappan,32 Old Tappan Rd
CT,Greenwich,259 east Putnam avenue
NY,Nyack,39 Hudson Ave
NY,Nyack,142 Main Street (corner of Franklin and Main - the entrance is off the rear parking lot)
NY,Ithaca,748 S Meadow St
NY,Saugerties,80 Patch Rd
NY,Kingston,55 Franklin St
NY,Kingston,65 St James St
PA,Philadelphia,4800 Grant Ave
NJ,Palmyra, Route 73 North
PA,Philadelphia,9389 Krewstown Rd.
NJ,Willingboro,429 John F Kennedy Way
PA,Morrisville,Cardinal Dr
PA,Bucks County,"400 N Oxford Valley Rd, Langhorne, PA 19047"
PA,Langhorne,301 E. Maple Ave
PA,Horsham,413 Avenue E
PA,Horsham,457 Easton rd
PA,Newtown,126 N. State St.
PA,Philadelphia,6901 Castor ave
PA,Bristol,4010 New Falls Rd
NJ,Pennsauken Township,1585 NJ-73
PA,"Huntingdon Valley, Pa 19006",1902 County Line Rd
PA,Richboro,990 2nd Street Pike
PA,Bensalem,2495 Street Rd
PA,Glenside,501 Easton Rd
PA,Langhorne,1262 Wood Lane  Ste 106/107
PA,Philadelphia,Zoom
PA,Philadelphia,Zoom
PA,Philadelphia,https://zoom.us/j/3820324647
PA,Philadelphia,https://zoom.us/j/3820324647
PA,Pittsburgh,2141 Mary St
PA,Pittsburgh,Eliza Furnace Trail
PA,Pittsburgh,1500 Washington Rd
PA,Pittsburgh,3101 Brereton St
PA,Pittsburgh,5401 Centre Avenue
PA,Pittsburgh,7604 Charleston Ave
PA,Pittsburgh,1435 Grandview Ave
PA,Verona,331 Penn St
PA,Pittsburgh,4909 Penn Ave. 
PA,Pittsburgh,4100 Library Rd #1
PA,Pittsburgh,425 Cinema Drive
PA,Munhall,510 E 10th Ave
PA,Munhall,510 E 10th Ave
PA,Pittsburgh,400 Cedar Avenue 
PA,North Versailles,356 Lincoln Highway
PA,Hellertown,824 Main Street
PA,Whitehall,3679 Eberhart Rd
PA,Catasauqua,840 Walnut St
PA,Whitehall,1401 Lehnert Rd
PA,Allentown,1801 South 12th Street
PA,Allentown,2835 Lehigh St
PA,Hellertown,735 Delaware Avenue
PA,Harrisburg,2300 Linglestown Rd
PA,Harrisburg,3943 Tecport Drive
PA,Harrisburg,1836 Green Street
PA,Camp Hill,3301 East Trindle Road
PA,Leola,23 E Main St
PA,Lancaster,123 Some St
PA,Lancaster,850 Olde Hickory Road
PA,Lancaster,9 W Grant St
PA,Pennsylvania,123 Website Street
PA,West Pittston,313 Wyoming Ave
PA,Wyomissing,1287 Penn Ave
PA,Wyomissing,1714 State Hill Rd
PA,York,123 at home avenue
PA,York,2252 Industrial Hwy
PA,York,2000 Loucks Rd
PA,Erie,1109 State St
PA,Douglassville,1028 Shed Rd
PA,Phoenixville,203 High Street
PA,Spring City,"20 E. Bridge Street, Suite 103"
PA,Boyertown ,124 N Chestnut 
PA,Pottstown,227 E High St
PA,Limerick,411 W Ridge Pike
PA,Spring City,"20 E. Bridge Street, Suite 103"
PA,Douglassville,1211 Benjamin Franklin Hwy
PA,Stowe,675 Constitution Ave
PA,Pottstown,https://zoom.us/j/3820324647
PA,Phoenixville,468 Nutt Rd
PA,State College,"State College, PA"
PA,Stevens,100 Museum Rd
PA,Stevens,100 Museum Rd
PA,Lebanon,1349 Cumberland St
PA,Hellertown,824 Main Street
PA,Whitehall,3679 Eberhart Rd
PA,Allentown,1801 South 12th Street
PA,Allentown,2835 Lehigh St
PA,Hellertown,735 Delaware Avenue
PA,Hanover,979 York St
PA,johnstown ,564 Central Ave
PA,Johnstown,116 Market Street
NJ,Hardwick,I-80
PA,Stroudsburg,1232 Totts Gap Hill Rd
NJ,Hardwick Township,Kittatinnies Region
PA,East Stroudsburg,401 Hollow Rd
PA,Stroudsburg,622 Main St
PA,Stroudsburg,344 Stroud Mall Rd
PA,Pennsylvania,Now
NJ,Bordentown,2401 Axe Factory Rd
NJ,Chesterfield ,410 Ellisdale Road
PA,Morrisville,Cardinal Dr
NJ,Hamilton Township,477 Jeremiah Ave
PA,Yardley,56 South Main Street
NJ,Trenton,50 Riverview Plaza
PA,Levittown ,4354 New Falls Road
NJ,Hamilton,"731 Highway 33, Suite 3"
NJ,Bordentown,18 E. Union Street 
PA,Bensalem,2780 Bristol Pike
PA,Newtown,126 N. State St.
NJ,Hamilton Township,80 Sculptors Way
PA,Bristol,4010 New Falls Rd
PA,Morrisville,26 Delaware Rim Dr
PA,Fairless Hills,980 Trenton Rd
PA,Yardley,82 East Afton Avenue
PA,Langhorne,1262 Wood Lane  Ste 106/107
NJ,Trenton,"354 S Broad St,"
PA,Yardley,82 E Afton Ave
PA,Kingston,500 3rd Avenue
PA,West Pittston,313 Wyoming Ave
